INSERT INTO user_table (firstname, lastname, email, username, password, created_at) VALUES ('James', 'Taylor', 'zsmith@example.org', 'rebecca59', '10%oWYnd_8', '2023-06-26 05:07:11');
INSERT INTO user_table (firstname, lastname, email, username, password, created_at) VALUES ('Erica', 'Jimenez', 'brittany81@example.com', 'christy92', 'h)f7mSl!V4', '2023-05-17 08:59:26');
INSERT INTO user_table (firstname, lastname, email, username, password, created_at) VALUES ('Frank', 'Trevino', 'kmartin@example.org', 'brad48', 'Yzp09V5pH)', '2023-04-10 05:42:49');
INSERT INTO user_table (firstname, lastname, email, username, password, created_at) VALUES ('Charles', 'Cannon', 'tdurham@example.com', 'barrystephanie', '!9eKBA4bwB', '2023-05-16 17:24:33');
INSERT INTO user_table (firstname, lastname, email, username, password, created_at) VALUES ('Dale', 'Jackson', 'harrisalejandro@example.com', 'theodoreperez', '%SyHe3Vfdp', '2023-02-08 01:45:35');
INSERT INTO user_table (firstname, lastname, email, username, password, created_at) VALUES ('Ethan', 'White', 'danielroach@example.net', 'johnhiggins', 'TVUY8aYb+D', '2023-05-29 20:24:09');
INSERT INTO user_table (firstname, lastname, email, username, password, created_at) VALUES ('Jenny', 'Kelly', 'weaverstephanie@example.org', 'anthonyanthony', '*D4Zg%chMP', '2023-02-28 11:39:35');
INSERT INTO user_table (firstname, lastname, email, username, password, created_at) VALUES ('Shirley', 'Burton', 'igarcia@example.org', 'susan82', '^2RfQtH7Vc', '2023-06-09 10:54:27');
INSERT INTO user_table (firstname, lastname, email, username, password, created_at) VALUES ('Jared', 'Underwood', 'vrichardson@example.net', 'yhernandez', 'A&)t4qSdlz', '2023-01-13 15:01:08');
INSERT INTO user_table (firstname, lastname, email, username, password, created_at) VALUES ('Lauren', 'Bauer', 'sean44@example.net', 'jarvissherri', 'U#iH6HXuHh', '2023-05-31 13:51:06');
INSERT INTO user_table (firstname, lastname, email, username, password, created_at) VALUES ('Melissa', 'Jacobson', 'christine48@example.net', 'john31', ')qh!3DcB7%', '2023-01-26 11:51:46');
INSERT INTO user_table (firstname, lastname, email, username, password, created_at) VALUES ('George', 'Bailey', 'wallacetonya@example.net', 'mckinneymarco', 'St9^6Vdh6@', '2023-03-01 21:46:42');
INSERT INTO user_table (firstname, lastname, email, username, password, created_at) VALUES ('Erika', 'Hudson', 'wilsonamy@example.org', 'michelle88', '_NbOi6Hv(T', '2023-02-07 20:21:51');
INSERT INTO user_table (firstname, lastname, email, username, password, created_at) VALUES ('Alexandria', 'Johnson', 'hayesshari@example.org', 'millerdeborah', '_qHDoE2vR6', '2023-01-29 00:41:46');
INSERT INTO user_table (firstname, lastname, email, username, password, created_at) VALUES ('Emily', 'Gonzalez', 'kevinrussell@example.com', 'ruizstephanie', 'C%6RKcthiL', '2023-04-21 00:08:56');
INSERT INTO user_table (firstname, lastname, email, username, password, created_at) VALUES ('Randy', 'Foster', 'nmartin@example.net', 'jacob35', 'HC+)8EuFzF', '2023-03-14 13:10:14');
INSERT INTO user_table (firstname, lastname, email, username, password, created_at) VALUES ('Robert', 'Collins', 'robert83@example.net', 'garciamary', 'rXBSjn%x!0', '2023-01-08 21:47:15');
INSERT INTO user_table (firstname, lastname, email, username, password, created_at) VALUES ('Carl', 'Webb', 'boylethomas@example.net', 'uholland', 'mhGbHYB$#2', '2023-06-03 05:04:08');
INSERT INTO user_table (firstname, lastname, email, username, password, created_at) VALUES ('Mary', 'Lee', 'brittany10@example.org', 'bsavage', 'Co1e&Vom^(', '2023-04-03 07:58:26');
INSERT INTO user_table (firstname, lastname, email, username, password, created_at) VALUES ('Eric', 'Cooper', 'alexanderantonio@example.com', 'youngjanet', 'l+G4ZVy8xI', '2023-05-06 23:56:48');
INSERT INTO user_table (firstname, lastname, email, username, password, created_at) VALUES ('Robert', 'Hill', 'vperez@example.org', 'pbailey', 'x8VmkIxj+g', '2023-05-19 23:16:36');
INSERT INTO user_table (firstname, lastname, email, username, password, created_at) VALUES ('Cheryl', 'Jones', 'susanmills@example.net', 'gonzalezdaniel', '*X*KPLjW&9', '2023-02-08 14:17:00');
INSERT INTO user_table (firstname, lastname, email, username, password, created_at) VALUES ('Martin', 'Downs', 'johnwall@example.net', 'heididixon', '*4+I61lh0t', '2023-06-20 07:45:23');
INSERT INTO user_table (firstname, lastname, email, username, password, created_at) VALUES ('Roger', 'Little', 'vazqueztyler@example.com', 'laura21', '+8!zTmNy7a', '2023-03-12 16:21:12');
INSERT INTO user_table (firstname, lastname, email, username, password, created_at) VALUES ('Jennifer', 'Harris', 'kevin44@example.com', 'pattymoran', '1n^OC$cD(9', '2023-04-14 07:24:24');
INSERT INTO user_table (firstname, lastname, email, username, password, created_at) VALUES ('Alicia', 'Smith', 'amandaalexander@example.org', 'johnsonlori', '3&jtN8FB5f', '2023-01-26 12:08:08');
INSERT INTO user_table (firstname, lastname, email, username, password, created_at) VALUES ('Alice', 'Johnson', 'lynn31@example.com', 'angela25', 'Z6k8D6ha$I', '2023-06-20 02:02:49');
INSERT INTO user_table (firstname, lastname, email, username, password, created_at) VALUES ('Frances', 'Schmidt', 'baxterwilliam@example.com', 'ichandler', '+8w@FaExWA', '2023-02-20 11:26:35');
INSERT INTO user_table (firstname, lastname, email, username, password, created_at) VALUES ('James', 'Tran', 'elijahwilliams@example.org', 'browndakota', '8NIa%2h$&v', '2023-01-07 09:44:49');
INSERT INTO user_table (firstname, lastname, email, username, password, created_at) VALUES ('Zachary', 'Lane', 'zjones@example.org', 'sarahmorgan', '%CTFkkeB5t', '2023-06-26 06:36:03');
INSERT INTO user_table (firstname, lastname, email, username, password, created_at) VALUES ('Danielle', 'Small', 'caitlynhebert@example.org', 'betty22', 'Ef#$_Qah^9', '2023-01-26 07:47:41');
INSERT INTO user_table (firstname, lastname, email, username, password, created_at) VALUES ('Darren', 'Molina', 'lorigonzalez@example.com', 'lgolden', '$7IBvcsNH4', '2023-02-17 04:30:43');
INSERT INTO user_table (firstname, lastname, email, username, password, created_at) VALUES ('Jessica', 'Nguyen', 'catherineroberts@example.net', 'thomassawyer', 't2yPXsaV!A', '2023-01-28 23:27:26');
INSERT INTO user_table (firstname, lastname, email, username, password, created_at) VALUES ('John', 'Kelly', 'andersonhaley@example.org', 'nicholashall', 'l_V3Ji)G@7', '2023-03-25 11:48:08');
INSERT INTO user_table (firstname, lastname, email, username, password, created_at) VALUES ('Nicole', 'Cole', 'tateemily@example.net', 'tmccormick', '@3h1Sa&bj+', '2023-05-27 14:51:41');
INSERT INTO user_table (firstname, lastname, email, username, password, created_at) VALUES ('Amanda', 'Garcia', 'austin37@example.net', 'preeves', ')1h@vFIzO7', '2023-05-19 16:22:50');
INSERT INTO user_table (firstname, lastname, email, username, password, created_at) VALUES ('Nathaniel', 'Washington', 'kcarlson@example.org', 'dcook', 'VH2@p%cyU_', '2023-02-07 04:05:29');
INSERT INTO user_table (firstname, lastname, email, username, password, created_at) VALUES ('Sarah', 'Robertson', 'tammy85@example.org', 'qsimpson', 'J4oJN)4h&_', '2023-03-24 13:49:09');
INSERT INTO user_table (firstname, lastname, email, username, password, created_at) VALUES ('John', 'Chan', 'bradyjerry@example.net', 'jessicamcdowell', '@y7RTf)7l1', '2023-04-11 21:55:50');
INSERT INTO user_table (firstname, lastname, email, username, password, created_at) VALUES ('Nathaniel', 'Oliver', 'tiffanycruz@example.net', 'saradavis', '@26qIOzHCQ', '2023-04-29 20:58:22');
INSERT INTO user_table (firstname, lastname, email, username, password, created_at) VALUES ('Joshua', 'Burton', 'james76@example.com', 'james87', 'fQ5pf1JvA@', '2023-04-04 12:35:03');
INSERT INTO user_table (firstname, lastname, email, username, password, created_at) VALUES ('Jason', 'Norris', 'paulbaker@example.net', 'matthewvalentine', 'm*84SVgtaV', '2023-03-21 04:17:21');
INSERT INTO user_table (firstname, lastname, email, username, password, created_at) VALUES ('Cheryl', 'Mcintyre', 'mayolaura@example.net', 'kaylasmith', 'Gjq1zJz%D*', '2023-02-13 11:48:25');
INSERT INTO user_table (firstname, lastname, email, username, password, created_at) VALUES ('Melissa', 'Maldonado', 'idowns@example.net', 'vcordova', '1#9Oy4rIgx', '2023-05-19 10:06:06');
INSERT INTO user_table (firstname, lastname, email, username, password, created_at) VALUES ('Patrick', 'Wilson', 'milleralexis@example.org', 'christophergutierrez', 'y96+Hte*%7', '2023-05-12 09:27:14');
INSERT INTO user_table (firstname, lastname, email, username, password, created_at) VALUES ('Stephen', 'Sampson', 'mccoyamber@example.org', 'birdjamie', '@0wrDgEixS', '2023-01-07 04:28:53');
INSERT INTO user_table (firstname, lastname, email, username, password, created_at) VALUES ('Cheyenne', 'Bauer', 'hbaker@example.org', 'steven90', 's#DI3eAt2O', '2023-06-28 06:50:06');
INSERT INTO user_table (firstname, lastname, email, username, password, created_at) VALUES ('Rachel', 'Johnson', 'nicoleturner@example.com', 'dennismarquez', 'lJEJ9FJp^0', '2023-03-09 06:41:06');
INSERT INTO user_table (firstname, lastname, email, username, password, created_at) VALUES ('Matthew', 'Martinez', 'lisacummings@example.net', 'cynthiajohnson', '_f_#$7Jji9', '2023-04-12 17:25:34');
INSERT INTO user_table (firstname, lastname, email, username, password, created_at) VALUES ('Patrick', 'George', 'vargasalexandra@example.net', 'michellekeller', '7Q$A(9Qeye', '2023-01-05 12:07:25');
INSERT INTO user_table (firstname, lastname, email, username, password, created_at) VALUES ('Kenneth', 'Perkins', 'brandy69@example.org', 'kellersteven', '^LlVSGl)T0', '2023-06-17 18:37:34');
INSERT INTO user_table (firstname, lastname, email, username, password, created_at) VALUES ('Shawn', 'Stout', 'mcclainkevin@example.com', 'krista59', '7Cm3bTgq(K', '2023-05-10 13:42:27');
INSERT INTO user_table (firstname, lastname, email, username, password, created_at) VALUES ('Juan', 'Clarke', 'osbornjohnathan@example.net', 'joel07', 'UOhn2RyXi&', '2023-05-13 22:29:58');
INSERT INTO user_table (firstname, lastname, email, username, password, created_at) VALUES ('Susan', 'Johnson', 'whudson@example.org', 'darrell62', 'OkDy&XI&)9', '2023-04-08 12:08:11');
INSERT INTO user_table (firstname, lastname, email, username, password, created_at) VALUES ('Julie', 'Love', 'bellolivia@example.com', 'ashleytaylor', 'bI#4Auoc*O', '2023-06-25 17:35:38');
INSERT INTO user_table (firstname, lastname, email, username, password, created_at) VALUES ('Tammy', 'Marsh', 'perrykatherine@example.com', 'josenguyen', '%gZP6MqtJ!', '2023-03-03 01:02:02');
INSERT INTO user_table (firstname, lastname, email, username, password, created_at) VALUES ('Erik', 'Mcdonald', 'valvarez@example.com', 'sherristephens', 'g__3JpPDJ+', '2023-01-20 20:31:20');
INSERT INTO user_table (firstname, lastname, email, username, password, created_at) VALUES ('Karen', 'West', 'icowan@example.org', 'croberts', '*(4PM)gdby', '2023-06-18 12:25:50');
INSERT INTO user_table (firstname, lastname, email, username, password, created_at) VALUES ('Amy', 'Rhodes', 'vincent72@example.com', 'jill50', 'QX*98A#gIa', '2023-04-22 20:34:51');
INSERT INTO user_table (firstname, lastname, email, username, password, created_at) VALUES ('Kimberly', 'Turner', 'jamiestafford@example.org', 'lopezscott', 'M*gi4Xfgfy', '2023-01-12 02:15:26');
INSERT INTO user_table (firstname, lastname, email, username, password, created_at) VALUES ('Ashley', 'Hernandez', 'robertsrebecca@example.org', 'christyayers', 'B820Dmsy^B', '2023-02-14 10:49:12');
INSERT INTO user_table (firstname, lastname, email, username, password, created_at) VALUES ('Lauren', 'Guzman', 'danielsrichard@example.org', 'katrinabest', 'd2%e5Dlt5o', '2023-03-16 19:47:24');
INSERT INTO user_table (firstname, lastname, email, username, password, created_at) VALUES ('Allen', 'Maldonado', 'mariahill@example.org', 'bwalker', 'iY&&by2g#6', '2023-03-22 20:51:25');
INSERT INTO user_table (firstname, lastname, email, username, password, created_at) VALUES ('Thomas', 'Perez', 'hansoneric@example.org', 'osmith', 'pmQxZ^f1_0', '2023-03-29 23:00:53');
INSERT INTO user_table (firstname, lastname, email, username, password, created_at) VALUES ('April', 'Simmons', 'nvega@example.net', 'andersondarryl', 'b^4y71Ifj$', '2023-03-30 07:03:51');
INSERT INTO user_table (firstname, lastname, email, username, password, created_at) VALUES ('Alexandra', 'Gaines', 'schaefershelby@example.com', 'vharris', '@S3O%JuAI3', '2023-06-06 07:03:43');
INSERT INTO user_table (firstname, lastname, email, username, password, created_at) VALUES ('Kelly', 'Williams', 'okim@example.net', 'laurieharmon', '**+P@1qt!0', '2023-01-18 05:54:19');
INSERT INTO user_table (firstname, lastname, email, username, password, created_at) VALUES ('Kathy', 'Hughes', 'janetlevine@example.com', 'sierra63', '$g3(QbxMcf', '2023-01-27 21:12:32');
INSERT INTO user_table (firstname, lastname, email, username, password, created_at) VALUES ('Kathryn', 'Martin', 'freemanrobert@example.org', 'victoriaarellano', '!(4%2Wxhmw', '2023-05-21 16:03:18');
INSERT INTO user_table (firstname, lastname, email, username, password, created_at) VALUES ('Zachary', 'Allen', 'anthony31@example.com', 'strevino', '3uCf2PPVi@', '2023-01-02 01:07:52');
INSERT INTO user_table (firstname, lastname, email, username, password, created_at) VALUES ('Adrienne', 'Lewis', 'joshua28@example.org', 'hilltodd', '!7BwSWSfLK', '2023-02-17 19:33:21');
INSERT INTO user_table (firstname, lastname, email, username, password, created_at) VALUES ('Timothy', 'Ross', 'abailey@example.net', 'coloncody', 'O$0Uf7wQ$A', '2023-02-19 02:33:56');
INSERT INTO user_table (firstname, lastname, email, username, password, created_at) VALUES ('Mark', 'Bartlett', 'nataliegarrett@example.com', 'jenniferhanna', 'Y1bHhBaJ#1', '2023-04-05 20:54:02');
INSERT INTO user_table (firstname, lastname, email, username, password, created_at) VALUES ('Samantha', 'Baker', 'wolftina@example.com', 'owilliams', 'l+v7YdDpxG', '2023-05-28 06:33:57');
INSERT INTO user_table (firstname, lastname, email, username, password, created_at) VALUES ('John', 'Malone', 'harveyrichard@example.net', 'gregoryrhodes', '_u3OKOst!^', '2023-01-25 14:26:34');
INSERT INTO user_table (firstname, lastname, email, username, password, created_at) VALUES ('William', 'Kaiser', 'ryancobb@example.net', 'drodriguez', '!QXcH3Tb05', '2023-03-16 08:56:44');
INSERT INTO user_table (firstname, lastname, email, username, password, created_at) VALUES ('Brenda', 'Carr', 'hilljeffrey@example.org', 'sjordan', '&e1RvE#x0f', '2023-04-21 19:39:49');
INSERT INTO user_table (firstname, lastname, email, username, password, created_at) VALUES ('Anna', 'Becker', 'dustin36@example.com', 'williamsjoshua', ')IuAgqsI!8', '2023-06-22 13:45:10');
INSERT INTO user_table (firstname, lastname, email, username, password, created_at) VALUES ('Denise', 'Gardner', 'jfisher@example.net', 'hernandezderrick', 'pWu68C#y(y', '2023-05-30 03:27:40');
INSERT INTO user_table (firstname, lastname, email, username, password, created_at) VALUES ('Steven', 'Weiss', 'suzanne71@example.com', 'rmiller', 'yA59(Puec*', '2023-04-01 10:02:03');
INSERT INTO user_table (firstname, lastname, email, username, password, created_at) VALUES ('Michelle', 'Bell', 'smithchristopher@example.com', 'nicholasguerrero', '$+XSur0F^6', '2023-05-26 16:14:30');
INSERT INTO user_table (firstname, lastname, email, username, password, created_at) VALUES ('Frank', 'Miller', 'allenjennifer@example.com', 'lynn30', ')&5Jpd_ipI', '2023-04-29 23:15:59');
INSERT INTO user_table (firstname, lastname, email, username, password, created_at) VALUES ('Lauren', 'Moore', 'johnstevens@example.com', 'robert01', '_14!JEvf*l', '2023-05-12 19:14:47');
INSERT INTO user_table (firstname, lastname, email, username, password, created_at) VALUES ('Amy', 'Jones', 'xwilson@example.org', 'andrewmontgomery', 'QvY@31QtIl', '2023-02-01 19:37:17');
INSERT INTO user_table (firstname, lastname, email, username, password, created_at) VALUES ('Erica', 'Vargas', 'jason02@example.org', 'antonio43', '+j8D6cP!Go', '2023-02-01 04:14:21');
INSERT INTO user_table (firstname, lastname, email, username, password, created_at) VALUES ('Scott', 'Williams', 'patrickrandall@example.net', 'uharmon', 'oKUz!)q3(7', '2023-06-01 03:26:23');
INSERT INTO user_table (firstname, lastname, email, username, password, created_at) VALUES ('Susan', 'Martinez', 'williamsbradley@example.org', 'marcusrobinson', '&Cdh90Yk1D', '2023-02-24 08:41:13');
INSERT INTO user_table (firstname, lastname, email, username, password, created_at) VALUES ('Connie', 'Thornton', 'lindsayward@example.com', 'jennifer51', 'i1LlqYsz+9', '2023-04-07 06:43:13');
INSERT INTO user_table (firstname, lastname, email, username, password, created_at) VALUES ('Joseph', 'Little', 'jamesclark@example.com', 'christinacrane', '$(S9%Tx$D7', '2023-03-31 04:50:59');
INSERT INTO user_table (firstname, lastname, email, username, password, created_at) VALUES ('William', 'Weaver', 'david50@example.net', 'jenkinsevan', '08_29rLfZ9', '2023-04-27 16:09:57');
INSERT INTO user_table (firstname, lastname, email, username, password, created_at) VALUES ('Jorge', 'Peters', 'vwilliams@example.net', 'ataylor', '$tv!zon!C5', '2023-01-26 08:12:56');
INSERT INTO user_table (firstname, lastname, email, username, password, created_at) VALUES ('Lynn', 'Suarez', 'lhahn@example.com', 'stephanie31', '@3lHq0Rx^U', '2023-01-07 15:11:24');
INSERT INTO user_table (firstname, lastname, email, username, password, created_at) VALUES ('Kimberly', 'Cook', 'jacobdalton@example.net', 'margaretsanders', '3*@9Z7NlxX', '2023-01-31 11:23:11');
INSERT INTO user_table (firstname, lastname, email, username, password, created_at) VALUES ('Valerie', 'Terry', 'ghart@example.com', 'john75', 'dWYpnxk+(1', '2023-06-17 15:06:27');
INSERT INTO user_table (firstname, lastname, email, username, password, created_at) VALUES ('Lauren', 'Alvarez', 'lindsay49@example.com', 'gordonwendy', '#f5HKvLMn%', '2023-05-08 04:00:23');
INSERT INTO user_table (firstname, lastname, email, username, password, created_at) VALUES ('Denise', 'Moran', 'dunncatherine@example.com', 'thompsonmichelle', 'dS1LOyXl^*', '2023-02-25 16:01:59');
INSERT INTO user_table (firstname, lastname, email, username, password, created_at) VALUES ('Jamie', 'Harrison', 'srobinson@example.net', 'pmartinez', '$#F1f6RSq5', '2023-01-04 03:37:40');
INSERT INTO user_table (firstname, lastname, email, username, password, created_at) VALUES ('Connor', 'Sullivan', 'brownbrandon@example.net', 'ehopkins', 'g((43Hsj_H', '2023-05-08 14:38:12');
INSERT INTO user_table (firstname, lastname, email, username, password, created_at) VALUES ('David', 'Hunt', 'patrickbuck@example.net', 'rileyaustin', '@ZH5QVMet%', '2023-06-25 07:03:25');
INSERT INTO user_table (firstname, lastname, email, username, password, created_at) VALUES ('Marc', 'Cannon', 'bhernandez@example.com', 'kenneth90', 'E6uGutck)y', '2023-04-22 01:30:15');
INSERT INTO user_email_verification_table (user_id, verified_at) VALUES (1, '2023-06-28 17:07:47');
INSERT INTO user_email_verification_table (user_id, verified_at) VALUES (2, '2023-06-17 17:09:11');
INSERT INTO user_email_verification_table (user_id, verified_at) VALUES (3, '2023-06-18 17:19:11');
INSERT INTO user_email_verification_table (user_id, verified_at) VALUES (4, '2023-06-28 20:52:15');
INSERT INTO user_email_verification_table (user_id, verified_at) VALUES (5, '2023-04-06 03:14:21');
INSERT INTO user_email_verification_table (user_id, verified_at) VALUES (6, '2023-06-08 05:54:17');
INSERT INTO user_email_verification_table (user_id, verified_at) VALUES (7, '2023-05-26 20:56:37');
INSERT INTO user_email_verification_table (user_id, verified_at) VALUES (8, '2023-06-12 10:04:21');
INSERT INTO user_email_verification_table (user_id, verified_at) VALUES (9, '2023-06-22 22:31:03');
INSERT INTO user_email_verification_table (user_id, verified_at) VALUES (10, '2023-06-27 14:25:08');
INSERT INTO user_email_verification_table (user_id, verified_at) VALUES (11, '2023-02-20 09:50:29');
INSERT INTO user_email_verification_table (user_id, verified_at) VALUES (12, '2023-04-07 08:39:06');
INSERT INTO user_email_verification_table (user_id, verified_at) VALUES (13, '2023-03-26 19:31:37');
INSERT INTO user_email_verification_table (user_id, verified_at) VALUES (14, '2023-05-12 04:48:15');
INSERT INTO user_email_verification_table (user_id, verified_at) VALUES (15, '2023-05-27 06:36:09');
INSERT INTO user_email_verification_table (user_id, verified_at) VALUES (16, '2023-05-04 12:04:30');
INSERT INTO user_email_verification_table (user_id, verified_at) VALUES (17, '2023-06-21 20:03:08');
INSERT INTO user_email_verification_table (user_id, verified_at) VALUES (18, '2023-06-05 19:39:20');
INSERT INTO user_email_verification_table (user_id, verified_at) VALUES (19, '2023-04-13 20:03:00');
INSERT INTO user_email_verification_table (user_id, verified_at) VALUES (20, '2023-05-29 12:49:31');
INSERT INTO user_email_verification_table (user_id, verified_at) VALUES (21, '2023-06-24 07:10:34');
INSERT INTO user_email_verification_table (user_id, verified_at) VALUES (22, '2023-04-11 09:49:16');
INSERT INTO user_email_verification_table (user_id, verified_at) VALUES (23, '2023-06-27 08:49:41');
INSERT INTO user_email_verification_table (user_id, verified_at) VALUES (24, '2023-03-20 19:36:41');
INSERT INTO user_email_verification_table (user_id, verified_at) VALUES (25, '2023-04-16 04:00:29');
INSERT INTO user_email_verification_table (user_id, verified_at) VALUES (26, '2023-02-15 01:17:54');
INSERT INTO user_email_verification_table (user_id, verified_at) VALUES (27, '2023-06-22 20:08:14');
INSERT INTO user_email_verification_table (user_id, verified_at) VALUES (28, '2023-06-29 06:06:18');
INSERT INTO user_email_verification_table (user_id, verified_at) VALUES (29, '2023-04-08 08:12:51');
INSERT INTO user_email_verification_table (user_id, verified_at) VALUES (30, '2023-06-29 01:57:28');
INSERT INTO user_email_verification_table (user_id, verified_at) VALUES (31, '2023-06-06 23:59:00');
INSERT INTO user_email_verification_table (user_id, verified_at) VALUES (32, '2023-05-16 12:45:34');
INSERT INTO user_email_verification_table (user_id, verified_at) VALUES (33, '2023-06-11 14:21:20');
INSERT INTO user_email_verification_table (user_id, verified_at) VALUES (34, '2023-03-29 08:39:00');
INSERT INTO user_email_verification_table (user_id, verified_at) VALUES (35, '2023-06-23 03:19:53');
INSERT INTO user_email_verification_table (user_id, verified_at) VALUES (36, '2023-06-14 11:43:43');
INSERT INTO user_email_verification_table (user_id, verified_at) VALUES (37, '2023-03-08 01:14:37');
INSERT INTO user_email_verification_table (user_id, verified_at) VALUES (38, '2023-05-03 11:43:10');
INSERT INTO user_email_verification_table (user_id, verified_at) VALUES (39, '2023-05-01 18:38:52');
INSERT INTO user_email_verification_table (user_id, verified_at) VALUES (40, '2023-05-02 03:29:26');
INSERT INTO user_email_verification_table (user_id, verified_at) VALUES (41, '2023-05-24 02:40:27');
INSERT INTO user_email_verification_table (user_id, verified_at) VALUES (42, '2023-05-18 19:22:20');
INSERT INTO user_email_verification_table (user_id, verified_at) VALUES (43, '2023-05-17 15:01:56');
INSERT INTO user_email_verification_table (user_id, verified_at) VALUES (44, '2023-06-26 17:29:48');
INSERT INTO user_email_verification_table (user_id, verified_at) VALUES (45, '2023-05-24 14:48:21');
INSERT INTO user_email_verification_table (user_id, verified_at) VALUES (46, '2023-02-22 18:50:16');
INSERT INTO user_email_verification_table (user_id, verified_at) VALUES (47, '2023-06-28 10:11:35');
INSERT INTO user_email_verification_table (user_id, verified_at) VALUES (48, '2023-04-07 18:32:32');
INSERT INTO user_email_verification_table (user_id, verified_at) VALUES (49, '2023-05-30 15:58:28');
INSERT INTO user_email_verification_table (user_id, verified_at) VALUES (50, '2023-04-26 18:08:57');
INSERT INTO user_email_verification_table (user_id, verified_at) VALUES (51, '2023-06-24 18:05:15');
INSERT INTO user_email_verification_table (user_id, verified_at) VALUES (52, '2023-05-26 11:54:05');
INSERT INTO user_email_verification_table (user_id, verified_at) VALUES (53, '2023-06-19 20:37:35');
INSERT INTO user_email_verification_table (user_id, verified_at) VALUES (54, '2023-05-15 04:07:44');
INSERT INTO user_email_verification_table (user_id, verified_at) VALUES (55, '2023-06-28 01:07:55');
INSERT INTO user_email_verification_table (user_id, verified_at) VALUES (56, '2023-04-19 08:04:05');
INSERT INTO user_email_verification_table (user_id, verified_at) VALUES (57, '2023-05-07 01:48:41');
INSERT INTO user_email_verification_table (user_id, verified_at) VALUES (58, '2023-06-25 10:44:18');
INSERT INTO user_email_verification_table (user_id, verified_at) VALUES (59, '2023-05-24 03:39:40');
INSERT INTO user_email_verification_table (user_id, verified_at) VALUES (60, '2023-04-25 23:59:37');
INSERT INTO user_email_verification_table (user_id, verified_at) VALUES (61, '2023-05-06 13:53:20');
INSERT INTO user_email_verification_table (user_id, verified_at) VALUES (62, '2023-05-22 11:28:50');
INSERT INTO user_email_verification_table (user_id, verified_at) VALUES (63, '2023-04-22 03:09:34');
INSERT INTO user_email_verification_table (user_id, verified_at) VALUES (64, '2023-05-09 22:42:56');
INSERT INTO user_email_verification_table (user_id, verified_at) VALUES (65, '2023-06-28 04:36:24');
INSERT INTO user_email_verification_table (user_id, verified_at) VALUES (66, '2023-06-23 13:32:40');
INSERT INTO user_email_verification_table (user_id, verified_at) VALUES (67, '2023-04-26 09:28:48');
INSERT INTO user_email_verification_table (user_id, verified_at) VALUES (68, '2023-05-07 19:56:39');
INSERT INTO user_email_verification_table (user_id, verified_at) VALUES (69, '2023-06-11 09:24:40');
INSERT INTO user_email_verification_table (user_id, verified_at) VALUES (70, '2023-02-28 07:54:06');
INSERT INTO user_email_verification_table (user_id, verified_at) VALUES (71, '2023-06-15 14:56:55');
INSERT INTO user_email_verification_table (user_id, verified_at) VALUES (72, '2023-03-17 01:40:39');
INSERT INTO user_email_verification_table (user_id, verified_at) VALUES (73, '2023-06-23 19:07:02');
INSERT INTO user_email_verification_table (user_id, verified_at) VALUES (74, '2023-05-31 11:21:09');
INSERT INTO user_email_verification_table (user_id, verified_at) VALUES (75, '2023-05-21 17:29:59');
INSERT INTO user_email_verification_table (user_id, verified_at) VALUES (76, '2023-05-19 16:36:42');
INSERT INTO user_email_verification_table (user_id, verified_at) VALUES (77, '2023-06-10 05:43:20');
INSERT INTO user_email_verification_table (user_id, verified_at) VALUES (78, '2023-06-27 02:53:11');
INSERT INTO user_email_verification_table (user_id, verified_at) VALUES (79, '2023-06-09 10:53:04');
INSERT INTO user_email_verification_table (user_id, verified_at) VALUES (80, '2023-06-01 13:02:33');
INSERT INTO user_email_verification_table (user_id, verified_at) VALUES (81, '2023-06-18 06:33:09');
INSERT INTO user_email_verification_table (user_id, verified_at) VALUES (82, '2023-05-22 13:34:07');
INSERT INTO user_email_verification_table (user_id, verified_at) VALUES (83, '2023-05-21 05:07:03');
INSERT INTO user_email_verification_table (user_id, verified_at) VALUES (84, '2023-06-10 13:28:45');
INSERT INTO user_email_verification_table (user_id, verified_at) VALUES (85, '2023-02-20 15:48:33');
INSERT INTO session_table (user_id, connected_at) VALUES (7, '2023-04-20 21:08:06');
INSERT INTO session_table (user_id, connected_at) VALUES (7, '2023-06-17 10:59:23');
INSERT INTO session_table (user_id, connected_at) VALUES (12, '2023-04-24 00:05:57');
INSERT INTO session_table (user_id, connected_at) VALUES (45, '2023-05-15 20:17:11');
INSERT INTO session_table (user_id, connected_at) VALUES (27, '2023-06-23 02:30:53');
INSERT INTO session_table (user_id, connected_at) VALUES (72, '2023-06-06 05:49:59');
INSERT INTO session_table (user_id, connected_at) VALUES (16, '2023-06-29 00:29:03');
INSERT INTO session_table (user_id, connected_at) VALUES (85, '2023-06-25 04:29:57');
INSERT INTO session_table (user_id, connected_at) VALUES (20, '2023-05-30 00:44:23');
INSERT INTO session_table (user_id, connected_at) VALUES (73, '2023-04-30 09:02:57');
INSERT INTO session_table (user_id, connected_at) VALUES (81, '2023-05-27 07:15:07');
INSERT INTO session_table (user_id, connected_at) VALUES (76, '2023-03-31 12:17:14');
INSERT INTO session_table (user_id, connected_at) VALUES (58, '2023-06-28 08:46:27');
INSERT INTO session_table (user_id, connected_at) VALUES (47, '2023-06-29 18:43:34');
INSERT INTO session_table (user_id, connected_at) VALUES (29, '2023-03-27 09:02:01');
INSERT INTO session_table (user_id, connected_at) VALUES (53, '2023-06-17 19:35:55');
INSERT INTO session_table (user_id, connected_at) VALUES (12, '2023-06-27 23:29:48');
INSERT INTO session_table (user_id, connected_at) VALUES (50, '2023-01-24 17:34:02');
INSERT INTO session_table (user_id, connected_at) VALUES (41, '2023-05-09 14:18:07');
INSERT INTO session_table (user_id, connected_at) VALUES (73, '2023-04-11 03:41:58');
INSERT INTO session_table (user_id, connected_at) VALUES (31, '2023-04-12 22:34:00');
INSERT INTO session_table (user_id, connected_at) VALUES (4, '2023-06-07 21:46:40');
INSERT INTO session_table (user_id, connected_at) VALUES (57, '2023-04-05 21:07:06');
INSERT INTO session_table (user_id, connected_at) VALUES (59, '2023-06-13 01:35:55');
INSERT INTO session_table (user_id, connected_at) VALUES (63, '2023-06-04 03:03:29');
INSERT INTO session_table (user_id, connected_at) VALUES (33, '2023-04-08 03:16:26');
INSERT INTO session_table (user_id, connected_at) VALUES (19, '2023-06-22 01:47:08');
INSERT INTO session_table (user_id, connected_at) VALUES (20, '2023-06-17 23:35:12');
INSERT INTO session_table (user_id, connected_at) VALUES (68, '2023-05-17 22:24:23');
INSERT INTO session_table (user_id, connected_at) VALUES (36, '2023-06-14 15:48:56');
INSERT INTO session_table (user_id, connected_at) VALUES (9, '2023-05-17 09:52:14');
INSERT INTO session_table (user_id, connected_at) VALUES (55, '2023-06-29 18:51:27');
INSERT INTO session_table (user_id, connected_at) VALUES (34, '2023-05-25 22:11:59');
INSERT INTO session_table (user_id, connected_at) VALUES (34, '2023-05-18 18:52:32');
INSERT INTO session_table (user_id, connected_at) VALUES (74, '2023-06-03 18:48:20');
INSERT INTO session_table (user_id, connected_at) VALUES (9, '2023-04-05 10:27:01');
INSERT INTO session_table (user_id, connected_at) VALUES (76, '2023-04-30 02:20:57');
INSERT INTO session_table (user_id, connected_at) VALUES (48, '2023-04-26 07:57:15');
INSERT INTO session_table (user_id, connected_at) VALUES (44, '2023-06-23 04:30:30');
INSERT INTO session_table (user_id, connected_at) VALUES (81, '2023-06-29 23:54:26');
INSERT INTO session_table (user_id, connected_at) VALUES (21, '2023-06-18 09:04:00');
INSERT INTO session_table (user_id, connected_at) VALUES (13, '2023-02-08 03:51:07');
INSERT INTO session_table (user_id, connected_at) VALUES (75, '2023-03-16 00:01:59');
INSERT INTO session_table (user_id, connected_at) VALUES (82, '2023-05-04 06:42:32');
INSERT INTO session_table (user_id, connected_at) VALUES (15, '2023-05-30 10:49:03');
INSERT INTO session_table (user_id, connected_at) VALUES (5, '2023-05-18 06:24:39');
INSERT INTO session_table (user_id, connected_at) VALUES (98, '2023-06-13 00:38:23');
INSERT INTO session_table (user_id, connected_at) VALUES (59, '2023-05-12 16:03:48');
INSERT INTO session_table (user_id, connected_at) VALUES (52, '2023-06-08 10:14:05');
INSERT INTO session_table (user_id, connected_at) VALUES (32, '2023-03-24 20:55:25');
INSERT INTO session_table (user_id, connected_at) VALUES (62, '2023-05-10 00:37:50');
INSERT INTO session_table (user_id, connected_at) VALUES (45, '2023-06-29 03:14:42');
INSERT INTO session_table (user_id, connected_at) VALUES (84, '2023-04-08 21:50:37');
INSERT INTO session_table (user_id, connected_at) VALUES (98, '2023-06-12 08:16:32');
INSERT INTO session_table (user_id, connected_at) VALUES (1, '2023-06-29 07:45:39');
INSERT INTO session_table (user_id, connected_at) VALUES (60, '2023-04-07 07:19:34');
INSERT INTO session_table (user_id, connected_at) VALUES (96, '2023-05-25 11:35:20');
INSERT INTO session_table (user_id, connected_at) VALUES (59, '2023-06-27 12:16:12');
INSERT INTO session_table (user_id, connected_at) VALUES (7, '2023-04-03 05:18:03');
INSERT INTO session_table (user_id, connected_at) VALUES (10, '2023-06-12 09:48:24');
INSERT INTO session_table (user_id, connected_at) VALUES (68, '2023-05-16 11:03:11');
INSERT INTO session_table (user_id, connected_at) VALUES (33, '2023-06-21 12:07:04');
INSERT INTO session_table (user_id, connected_at) VALUES (86, '2023-06-05 18:26:26');
INSERT INTO session_table (user_id, connected_at) VALUES (11, '2023-03-02 10:42:29');
INSERT INTO session_table (user_id, connected_at) VALUES (84, '2023-04-15 15:27:24');
INSERT INTO session_table (user_id, connected_at) VALUES (15, '2023-05-22 02:32:07');
INSERT INTO session_table (user_id, connected_at) VALUES (7, '2023-03-06 13:55:31');
INSERT INTO session_table (user_id, connected_at) VALUES (48, '2023-03-25 22:40:20');
INSERT INTO session_table (user_id, connected_at) VALUES (42, '2023-05-05 06:12:05');
INSERT INTO session_table (user_id, connected_at) VALUES (80, '2023-05-07 01:44:57');
INSERT INTO session_table (user_id, connected_at) VALUES (11, '2023-06-21 01:23:54');
INSERT INTO session_table (user_id, connected_at) VALUES (12, '2023-05-21 01:49:44');
INSERT INTO session_table (user_id, connected_at) VALUES (88, '2023-05-06 14:53:45');
INSERT INTO session_table (user_id, connected_at) VALUES (53, '2023-05-30 08:36:52');
INSERT INTO session_table (user_id, connected_at) VALUES (86, '2023-06-26 12:03:36');
INSERT INTO session_table (user_id, connected_at) VALUES (2, '2023-06-10 10:14:45');
INSERT INTO session_table (user_id, connected_at) VALUES (2, '2023-06-02 15:18:55');
INSERT INTO session_table (user_id, connected_at) VALUES (97, '2023-04-17 04:16:19');
INSERT INTO session_table (user_id, connected_at) VALUES (24, '2023-05-31 23:10:38');
INSERT INTO session_table (user_id, connected_at) VALUES (86, '2023-06-28 18:25:47');
INSERT INTO session_table (user_id, connected_at) VALUES (34, '2023-05-07 11:58:14');
INSERT INTO session_table (user_id, connected_at) VALUES (86, '2023-06-02 21:33:51');
INSERT INTO session_table (user_id, connected_at) VALUES (23, '2023-06-27 22:17:19');
INSERT INTO session_table (user_id, connected_at) VALUES (72, '2023-05-09 05:56:32');
INSERT INTO session_table (user_id, connected_at) VALUES (63, '2023-04-09 02:19:34');
INSERT INTO session_table (user_id, connected_at) VALUES (38, '2023-04-13 19:16:20');
INSERT INTO session_table (user_id, connected_at) VALUES (65, '2023-05-25 05:45:11');
INSERT INTO session_table (user_id, connected_at) VALUES (10, '2023-06-27 20:57:58');
INSERT INTO session_table (user_id, connected_at) VALUES (61, '2023-05-16 08:21:14');
INSERT INTO session_table (user_id, connected_at) VALUES (39, '2023-04-14 22:45:37');
INSERT INTO session_table (user_id, connected_at) VALUES (58, '2023-06-25 01:08:47');
INSERT INTO session_table (user_id, connected_at) VALUES (64, '2023-04-12 03:08:54');
INSERT INTO session_table (user_id, connected_at) VALUES (35, '2023-06-16 05:10:57');
INSERT INTO session_table (user_id, connected_at) VALUES (93, '2023-05-31 20:23:30');
INSERT INTO session_table (user_id, connected_at) VALUES (32, '2023-03-01 00:13:08');
INSERT INTO session_table (user_id, connected_at) VALUES (44, '2023-06-15 22:07:21');
INSERT INTO session_table (user_id, connected_at) VALUES (25, '2023-05-16 15:13:36');
INSERT INTO session_table (user_id, connected_at) VALUES (10, '2023-06-09 13:45:53');
INSERT INTO session_table (user_id, connected_at) VALUES (87, '2023-03-09 03:09:54');
INSERT INTO session_table (user_id, connected_at) VALUES (87, '2023-03-19 16:14:22');
INSERT INTO session_table (user_id, connected_at) VALUES (52, '2023-06-17 02:35:07');
INSERT INTO session_table (user_id, connected_at) VALUES (6, '2023-06-22 17:19:06');
INSERT INTO session_table (user_id, connected_at) VALUES (3, '2023-05-04 08:42:07');
INSERT INTO session_table (user_id, connected_at) VALUES (71, '2023-06-05 22:34:45');
INSERT INTO session_table (user_id, connected_at) VALUES (72, '2023-03-06 23:22:40');
INSERT INTO session_table (user_id, connected_at) VALUES (76, '2023-04-07 20:17:38');
INSERT INTO session_table (user_id, connected_at) VALUES (21, '2023-05-25 23:05:46');
INSERT INTO session_table (user_id, connected_at) VALUES (21, '2023-06-28 02:19:17');
INSERT INTO session_table (user_id, connected_at) VALUES (36, '2023-05-28 07:23:03');
INSERT INTO session_table (user_id, connected_at) VALUES (29, '2023-06-09 22:05:16');
INSERT INTO session_table (user_id, connected_at) VALUES (63, '2023-03-29 08:13:23');
INSERT INTO session_table (user_id, connected_at) VALUES (58, '2023-06-21 05:51:27');
INSERT INTO session_table (user_id, connected_at) VALUES (93, '2023-05-26 04:03:17');
INSERT INTO session_table (user_id, connected_at) VALUES (73, '2023-06-12 23:49:55');
INSERT INTO session_table (user_id, connected_at) VALUES (6, '2023-06-19 05:38:48');
INSERT INTO session_table (user_id, connected_at) VALUES (69, '2023-05-28 20:48:37');
INSERT INTO session_table (user_id, connected_at) VALUES (77, '2023-06-23 04:28:35');
INSERT INTO session_table (user_id, connected_at) VALUES (63, '2023-04-26 16:15:51');
INSERT INTO session_table (user_id, connected_at) VALUES (28, '2023-03-01 21:54:35');
INSERT INTO session_table (user_id, connected_at) VALUES (14, '2023-02-16 07:57:10');
INSERT INTO session_table (user_id, connected_at) VALUES (57, '2023-05-22 20:24:19');
INSERT INTO session_table (user_id, connected_at) VALUES (95, '2023-06-08 22:27:24');
INSERT INTO session_table (user_id, connected_at) VALUES (65, '2023-04-04 18:15:54');
INSERT INTO session_table (user_id, connected_at) VALUES (43, '2023-02-19 22:40:16');
INSERT INTO session_table (user_id, connected_at) VALUES (61, '2023-05-13 19:02:51');
INSERT INTO session_table (user_id, connected_at) VALUES (34, '2023-06-05 10:25:18');
INSERT INTO session_table (user_id, connected_at) VALUES (51, '2023-06-23 12:45:25');
INSERT INTO session_table (user_id, connected_at) VALUES (49, '2023-04-28 12:43:20');
INSERT INTO session_table (user_id, connected_at) VALUES (5, '2023-03-21 14:45:26');
INSERT INTO session_table (user_id, connected_at) VALUES (41, '2023-04-23 02:12:08');
INSERT INTO session_table (user_id, connected_at) VALUES (85, '2023-03-25 06:49:48');
INSERT INTO session_table (user_id, connected_at) VALUES (85, '2023-04-12 03:58:05');
INSERT INTO session_table (user_id, connected_at) VALUES (92, '2023-01-22 05:47:52');
INSERT INTO session_table (user_id, connected_at) VALUES (4, '2023-06-11 05:01:03');
INSERT INTO session_table (user_id, connected_at) VALUES (92, '2023-02-21 19:02:57');
INSERT INTO session_table (user_id, connected_at) VALUES (19, '2023-04-24 02:42:34');
INSERT INTO session_table (user_id, connected_at) VALUES (57, '2023-03-01 02:15:08');
INSERT INTO session_table (user_id, connected_at) VALUES (53, '2023-05-25 20:51:18');
INSERT INTO session_table (user_id, connected_at) VALUES (51, '2023-06-19 13:49:21');
INSERT INTO session_table (user_id, connected_at) VALUES (85, '2023-02-05 13:27:45');
INSERT INTO session_table (user_id, connected_at) VALUES (83, '2023-05-22 13:28:41');
INSERT INTO session_table (user_id, connected_at) VALUES (95, '2023-06-13 20:11:27');
INSERT INTO session_table (user_id, connected_at) VALUES (75, '2023-05-31 04:33:50');
INSERT INTO session_table (user_id, connected_at) VALUES (34, '2023-06-18 01:54:39');
INSERT INTO session_table (user_id, connected_at) VALUES (66, '2023-06-23 10:37:28');
INSERT INTO session_table (user_id, connected_at) VALUES (19, '2023-05-10 10:16:24');
INSERT INTO session_table (user_id, connected_at) VALUES (62, '2023-05-21 06:30:32');
INSERT INTO session_table (user_id, connected_at) VALUES (2, '2023-05-26 04:01:43');
INSERT INTO session_table (user_id, connected_at) VALUES (42, '2023-04-06 18:42:29');
INSERT INTO session_table (user_id, connected_at) VALUES (65, '2023-04-23 02:30:32');
INSERT INTO session_table (user_id, connected_at) VALUES (3, '2023-06-24 22:12:09');
INSERT INTO session_table (user_id, connected_at) VALUES (37, '2023-03-13 21:06:55');
INSERT INTO session_table (user_id, connected_at) VALUES (17, '2023-05-13 01:29:53');
INSERT INTO session_table (user_id, connected_at) VALUES (24, '2023-04-18 16:55:23');
INSERT INTO session_table (user_id, connected_at) VALUES (91, '2023-05-10 12:56:45');
INSERT INTO session_table (user_id, connected_at) VALUES (96, '2023-06-14 17:48:12');
INSERT INTO session_table (user_id, connected_at) VALUES (51, '2023-06-18 11:03:48');
INSERT INTO session_table (user_id, connected_at) VALUES (4, '2023-06-09 06:27:22');
INSERT INTO session_table (user_id, connected_at) VALUES (8, '2023-06-09 23:00:45');
INSERT INTO session_table (user_id, connected_at) VALUES (9, '2023-05-24 19:56:58');
INSERT INTO session_table (user_id, connected_at) VALUES (65, '2023-06-11 06:00:54');
INSERT INTO session_table (user_id, connected_at) VALUES (51, '2023-06-20 08:43:49');
INSERT INTO session_table (user_id, connected_at) VALUES (40, '2023-06-28 08:22:03');
INSERT INTO session_table (user_id, connected_at) VALUES (48, '2023-05-30 02:04:09');
INSERT INTO session_table (user_id, connected_at) VALUES (41, '2023-04-28 15:42:34');
INSERT INTO session_table (user_id, connected_at) VALUES (76, '2023-06-02 20:03:47');
INSERT INTO session_table (user_id, connected_at) VALUES (44, '2023-06-16 08:08:56');
INSERT INTO session_table (user_id, connected_at) VALUES (2, '2023-06-21 20:55:32');
INSERT INTO session_table (user_id, connected_at) VALUES (80, '2023-06-17 02:50:20');
INSERT INTO session_table (user_id, connected_at) VALUES (28, '2023-04-28 11:17:29');
INSERT INTO session_table (user_id, connected_at) VALUES (11, '2023-04-17 20:12:56');
INSERT INTO session_table (user_id, connected_at) VALUES (78, '2023-06-23 02:15:13');
INSERT INTO session_table (user_id, connected_at) VALUES (78, '2023-06-23 23:28:09');
INSERT INTO session_table (user_id, connected_at) VALUES (48, '2023-03-23 06:55:08');
INSERT INTO session_table (user_id, connected_at) VALUES (61, '2023-05-07 06:53:40');
INSERT INTO session_table (user_id, connected_at) VALUES (26, '2023-02-07 06:39:53');
INSERT INTO session_table (user_id, connected_at) VALUES (28, '2023-03-04 08:22:58');
INSERT INTO session_table (user_id, connected_at) VALUES (48, '2023-04-03 09:43:48');
INSERT INTO session_table (user_id, connected_at) VALUES (45, '2023-05-13 23:21:10');
INSERT INTO session_table (user_id, connected_at) VALUES (91, '2023-05-08 09:21:27');
INSERT INTO session_table (user_id, connected_at) VALUES (29, '2023-05-29 16:01:42');
INSERT INTO session_table (user_id, connected_at) VALUES (92, '2023-04-11 18:42:07');
INSERT INTO session_table (user_id, connected_at) VALUES (27, '2023-06-22 23:47:31');
INSERT INTO session_table (user_id, connected_at) VALUES (51, '2023-06-29 03:09:47');
INSERT INTO session_table (user_id, connected_at) VALUES (53, '2023-06-15 22:21:26');
INSERT INTO session_table (user_id, connected_at) VALUES (85, '2023-04-25 12:54:29');
INSERT INTO session_table (user_id, connected_at) VALUES (95, '2023-06-03 10:03:12');
INSERT INTO session_table (user_id, connected_at) VALUES (50, '2023-05-27 18:02:48');
INSERT INTO session_table (user_id, connected_at) VALUES (75, '2023-05-23 20:22:11');
INSERT INTO session_table (user_id, connected_at) VALUES (64, '2023-05-22 11:14:04');
INSERT INTO session_table (user_id, connected_at) VALUES (63, '2023-05-22 17:52:30');
INSERT INTO session_table (user_id, connected_at) VALUES (94, '2023-06-18 14:44:28');
INSERT INTO session_table (user_id, connected_at) VALUES (16, '2023-03-23 22:57:03');
INSERT INTO session_table (user_id, connected_at) VALUES (22, '2023-03-23 23:51:45');
INSERT INTO session_table (user_id, connected_at) VALUES (76, '2023-05-31 19:15:02');
INSERT INTO session_table (user_id, connected_at) VALUES (52, '2023-05-21 09:00:39');
INSERT INTO session_table (user_id, connected_at) VALUES (42, '2023-04-18 09:19:47');
INSERT INTO session_table (user_id, connected_at) VALUES (77, '2023-06-11 15:34:03');
INSERT INTO session_table (user_id, connected_at) VALUES (77, '2023-06-06 18:25:10');
INSERT INTO session_table (user_id, connected_at) VALUES (47, '2023-06-28 21:34:19');
INSERT INTO session_table (user_id, connected_at) VALUES (60, '2023-04-18 23:22:01');
INSERT INTO session_table (user_id, connected_at) VALUES (98, '2023-06-09 18:52:10');
INSERT INTO session_table (user_id, connected_at) VALUES (29, '2023-03-06 18:37:05');
INSERT INTO session_table (user_id, connected_at) VALUES (86, '2023-06-15 13:40:35');
INSERT INTO session_table (user_id, connected_at) VALUES (58, '2023-06-23 04:23:17');
INSERT INTO session_table (user_id, connected_at) VALUES (56, '2023-04-05 14:17:21');
INSERT INTO session_table (user_id, connected_at) VALUES (40, '2023-05-12 01:27:19');
INSERT INTO session_table (user_id, connected_at) VALUES (18, '2023-06-25 04:36:37');
INSERT INTO session_table (user_id, connected_at) VALUES (84, '2023-04-23 17:13:20');
INSERT INTO session_table (user_id, connected_at) VALUES (27, '2023-06-25 23:46:43');
INSERT INTO session_table (user_id, connected_at) VALUES (48, '2023-04-20 00:18:00');
INSERT INTO session_table (user_id, connected_at) VALUES (38, '2023-04-28 23:51:54');
INSERT INTO session_table (user_id, connected_at) VALUES (72, '2023-03-14 19:29:47');
INSERT INTO session_table (user_id, connected_at) VALUES (82, '2023-05-27 01:00:24');
INSERT INTO session_table (user_id, connected_at) VALUES (92, '2023-02-13 17:59:30');
INSERT INTO session_table (user_id, connected_at) VALUES (29, '2023-02-21 01:57:05');
INSERT INTO session_table (user_id, connected_at) VALUES (22, '2023-05-03 20:36:23');
INSERT INTO session_table (user_id, connected_at) VALUES (47, '2023-06-29 18:04:39');
INSERT INTO session_table (user_id, connected_at) VALUES (26, '2023-01-27 15:08:19');
INSERT INTO session_table (user_id, connected_at) VALUES (3, '2023-06-06 21:43:47');
INSERT INTO session_table (user_id, connected_at) VALUES (99, '2023-06-26 17:29:48');
INSERT INTO session_table (user_id, connected_at) VALUES (53, '2023-06-18 01:50:25');
INSERT INTO session_table (user_id, connected_at) VALUES (35, '2023-06-25 01:01:35');
INSERT INTO session_table (user_id, connected_at) VALUES (63, '2023-05-01 00:19:54');
INSERT INTO session_table (user_id, connected_at) VALUES (14, '2023-02-04 09:39:14');
INSERT INTO session_table (user_id, connected_at) VALUES (23, '2023-06-24 03:01:14');
INSERT INTO session_table (user_id, connected_at) VALUES (7, '2023-03-31 22:15:26');
INSERT INTO session_table (user_id, connected_at) VALUES (93, '2023-02-09 01:16:55');
INSERT INTO session_table (user_id, connected_at) VALUES (53, '2023-05-29 15:05:50');
INSERT INTO session_table (user_id, connected_at) VALUES (77, '2023-05-27 06:11:51');
INSERT INTO session_table (user_id, connected_at) VALUES (47, '2023-06-28 08:10:27');
INSERT INTO session_table (user_id, connected_at) VALUES (17, '2023-04-08 10:43:39');
INSERT INTO session_table (user_id, connected_at) VALUES (41, '2023-05-04 19:41:43');
INSERT INTO session_table (user_id, connected_at) VALUES (84, '2023-02-12 09:53:13');
INSERT INTO session_table (user_id, connected_at) VALUES (32, '2023-03-06 00:59:08');
INSERT INTO session_table (user_id, connected_at) VALUES (37, '2023-03-04 19:35:20');
INSERT INTO session_table (user_id, connected_at) VALUES (13, '2023-03-02 17:07:07');
INSERT INTO session_table (user_id, connected_at) VALUES (80, '2023-05-28 06:40:11');
INSERT INTO session_table (user_id, connected_at) VALUES (38, '2023-06-27 05:00:20');
INSERT INTO session_table (user_id, connected_at) VALUES (27, '2023-06-21 11:21:03');
INSERT INTO session_table (user_id, connected_at) VALUES (16, '2023-04-26 22:50:13');
INSERT INTO session_table (user_id, connected_at) VALUES (97, '2023-02-22 18:51:45');
INSERT INTO session_table (user_id, connected_at) VALUES (82, '2023-05-25 18:24:35');
INSERT INTO session_table (user_id, connected_at) VALUES (20, '2023-05-27 15:05:20');
INSERT INTO session_table (user_id, connected_at) VALUES (4, '2023-05-27 12:36:34');
INSERT INTO session_table (user_id, connected_at) VALUES (17, '2023-02-19 21:37:09');
INSERT INTO session_table (user_id, connected_at) VALUES (57, '2023-03-28 07:57:21');
INSERT INTO session_table (user_id, connected_at) VALUES (56, '2023-05-11 08:25:49');
INSERT INTO session_table (user_id, connected_at) VALUES (93, '2023-05-24 11:13:03');
INSERT INTO session_table (user_id, connected_at) VALUES (98, '2023-05-28 02:53:51');
INSERT INTO session_table (user_id, connected_at) VALUES (26, '2023-03-03 12:01:29');
INSERT INTO session_table (user_id, connected_at) VALUES (5, '2023-04-24 03:16:59');
INSERT INTO session_table (user_id, connected_at) VALUES (90, '2023-05-22 23:04:46');
INSERT INTO session_table (user_id, connected_at) VALUES (47, '2023-06-28 08:48:28');
INSERT INTO session_table (user_id, connected_at) VALUES (19, '2023-06-10 01:18:18');
INSERT INTO session_table (user_id, connected_at) VALUES (2, '2023-06-04 00:12:48');
INSERT INTO session_table (user_id, connected_at) VALUES (13, '2023-03-30 23:53:39');
INSERT INTO session_table (user_id, connected_at) VALUES (45, '2023-06-04 08:53:29');
INSERT INTO session_table (user_id, connected_at) VALUES (64, '2023-05-31 20:43:41');
INSERT INTO session_table (user_id, connected_at) VALUES (29, '2023-03-19 08:18:09');
INSERT INTO session_table (user_id, connected_at) VALUES (23, '2023-06-20 11:42:27');
INSERT INTO session_table (user_id, connected_at) VALUES (5, '2023-05-31 13:27:33');
INSERT INTO session_table (user_id, connected_at) VALUES (35, '2023-06-20 16:24:04');
INSERT INTO session_table (user_id, connected_at) VALUES (8, '2023-06-10 17:37:08');
INSERT INTO session_table (user_id, connected_at) VALUES (39, '2023-05-29 03:19:50');
INSERT INTO session_table (user_id, connected_at) VALUES (35, '2023-05-29 03:19:00');
INSERT INTO session_table (user_id, connected_at) VALUES (95, '2023-06-25 16:36:04');
INSERT INTO session_table (user_id, connected_at) VALUES (14, '2023-06-04 17:31:19');
INSERT INTO session_table (user_id, connected_at) VALUES (84, '2023-05-06 05:40:56');
INSERT INTO session_table (user_id, connected_at) VALUES (11, '2023-02-18 06:21:21');
INSERT INTO session_table (user_id, connected_at) VALUES (60, '2023-02-03 02:48:01');
INSERT INTO session_table (user_id, connected_at) VALUES (87, '2023-04-21 15:22:21');
INSERT INTO session_table (user_id, connected_at) VALUES (78, '2023-06-27 22:08:31');
INSERT INTO session_table (user_id, connected_at) VALUES (14, '2023-05-21 13:57:52');
INSERT INTO session_table (user_id, connected_at) VALUES (70, '2023-05-20 19:14:09');
INSERT INTO session_table (user_id, connected_at) VALUES (65, '2023-06-22 05:14:52');
INSERT INTO session_table (user_id, connected_at) VALUES (69, '2023-06-18 19:39:16');
INSERT INTO session_table (user_id, connected_at) VALUES (4, '2023-06-02 20:16:27');
INSERT INTO session_table (user_id, connected_at) VALUES (16, '2023-04-08 23:51:41');
INSERT INTO session_table (user_id, connected_at) VALUES (18, '2023-06-23 15:24:42');
INSERT INTO session_table (user_id, connected_at) VALUES (3, '2023-05-01 07:21:55');
INSERT INTO session_table (user_id, connected_at) VALUES (10, '2023-06-04 12:54:59');
INSERT INTO session_table (user_id, connected_at) VALUES (64, '2023-05-12 03:42:11');
INSERT INTO session_table (user_id, connected_at) VALUES (56, '2023-03-14 17:21:04');
INSERT INTO session_table (user_id, connected_at) VALUES (99, '2023-06-25 23:54:33');
INSERT INTO session_table (user_id, connected_at) VALUES (30, '2023-06-29 00:34:00');
INSERT INTO session_table (user_id, connected_at) VALUES (20, '2023-06-13 11:12:51');
INSERT INTO session_table (user_id, connected_at) VALUES (36, '2023-06-22 13:15:05');
INSERT INTO session_table (user_id, connected_at) VALUES (49, '2023-05-22 21:11:09');
INSERT INTO session_table (user_id, connected_at) VALUES (61, '2023-06-08 11:37:10');
INSERT INTO session_table (user_id, connected_at) VALUES (52, '2023-06-13 06:50:19');
INSERT INTO session_table (user_id, connected_at) VALUES (23, '2023-06-26 05:32:04');
INSERT INTO session_table (user_id, connected_at) VALUES (67, '2023-04-09 05:24:08');
INSERT INTO session_table (user_id, connected_at) VALUES (26, '2023-05-02 18:13:57');
INSERT INTO session_table (user_id, connected_at) VALUES (38, '2023-05-05 14:05:58');
INSERT INTO session_table (user_id, connected_at) VALUES (3, '2023-05-23 04:52:52');
INSERT INTO session_table (user_id, connected_at) VALUES (30, '2023-06-28 12:55:48');
INSERT INTO session_table (user_id, connected_at) VALUES (68, '2023-02-17 08:01:21');
INSERT INTO session_table (user_id, connected_at) VALUES (19, '2023-05-10 09:16:11');
INSERT INTO session_table (user_id, connected_at) VALUES (18, '2023-06-06 06:26:14');
INSERT INTO session_table (user_id, connected_at) VALUES (46, '2023-03-15 07:32:42');
INSERT INTO session_table (user_id, connected_at) VALUES (33, '2023-03-10 13:27:08');
INSERT INTO session_table (user_id, connected_at) VALUES (42, '2023-06-12 16:50:09');
INSERT INTO session_table (user_id, connected_at) VALUES (86, '2023-06-13 10:13:43');
INSERT INTO session_table (user_id, connected_at) VALUES (4, '2023-06-12 10:01:35');
INSERT INTO session_table (user_id, connected_at) VALUES (20, '2023-05-17 10:41:13');
INSERT INTO session_table (user_id, connected_at) VALUES (2, '2023-06-29 02:56:08');
INSERT INTO session_table (user_id, connected_at) VALUES (93, '2023-06-23 14:44:15');
INSERT INTO session_table (user_id, connected_at) VALUES (90, '2023-05-13 06:22:19');
INSERT INTO session_table (user_id, connected_at) VALUES (89, '2023-05-17 00:56:38');
INSERT INTO session_table (user_id, connected_at) VALUES (38, '2023-03-30 20:40:53');
INSERT INTO session_table (user_id, connected_at) VALUES (55, '2023-06-29 14:27:55');
INSERT INTO session_table (user_id, connected_at) VALUES (15, '2023-06-03 12:27:55');
INSERT INTO session_table (user_id, connected_at) VALUES (55, '2023-06-29 06:11:50');
INSERT INTO session_table (user_id, connected_at) VALUES (83, '2023-06-10 04:11:49');
INSERT INTO session_table (user_id, connected_at) VALUES (89, '2023-06-09 18:38:13');
INSERT INTO session_table (user_id, connected_at) VALUES (51, '2023-06-18 23:30:51');
INSERT INTO session_table (user_id, connected_at) VALUES (31, '2023-04-05 20:58:44');
INSERT INTO session_table (user_id, connected_at) VALUES (99, '2023-06-29 22:59:33');
INSERT INTO session_table (user_id, connected_at) VALUES (8, '2023-06-25 04:21:34');
INSERT INTO session_table (user_id, connected_at) VALUES (28, '2023-03-21 23:53:05');
INSERT INTO session_table (user_id, connected_at) VALUES (60, '2023-03-27 11:53:22');
INSERT INTO session_table (user_id, connected_at) VALUES (71, '2023-02-25 16:45:49');
INSERT INTO session_table (user_id, connected_at) VALUES (84, '2023-05-25 13:47:52');
INSERT INTO session_table (user_id, connected_at) VALUES (78, '2023-06-27 17:25:48');
INSERT INTO session_table (user_id, connected_at) VALUES (91, '2023-02-18 08:35:45');
INSERT INTO session_table (user_id, connected_at) VALUES (25, '2023-05-11 19:52:03');
INSERT INTO session_table (user_id, connected_at) VALUES (66, '2023-06-27 06:13:50');
INSERT INTO session_table (user_id, connected_at) VALUES (80, '2023-05-24 02:12:01');
INSERT INTO session_table (user_id, connected_at) VALUES (87, '2023-05-22 08:24:35');
INSERT INTO session_table (user_id, connected_at) VALUES (46, '2023-04-20 17:59:30');
INSERT INTO session_table (user_id, connected_at) VALUES (76, '2023-04-14 06:48:47');
INSERT INTO session_table (user_id, connected_at) VALUES (14, '2023-04-14 02:51:59');
INSERT INTO session_table (user_id, connected_at) VALUES (33, '2023-05-02 01:21:32');
INSERT INTO session_table (user_id, connected_at) VALUES (48, '2023-05-27 00:46:31');
INSERT INTO session_table (user_id, connected_at) VALUES (18, '2023-06-28 18:15:15');
INSERT INTO session_table (user_id, connected_at) VALUES (29, '2023-06-10 01:31:45');
INSERT INTO session_table (user_id, connected_at) VALUES (12, '2023-04-10 09:40:40');
INSERT INTO session_table (user_id, connected_at) VALUES (91, '2023-06-16 19:38:36');
INSERT INTO session_table (user_id, connected_at) VALUES (37, '2023-06-16 20:43:49');
INSERT INTO session_table (user_id, connected_at) VALUES (69, '2023-05-23 02:18:35');
INSERT INTO session_table (user_id, connected_at) VALUES (22, '2023-05-31 12:02:55');
INSERT INTO session_table (user_id, connected_at) VALUES (55, '2023-06-25 23:49:48');
INSERT INTO session_table (user_id, connected_at) VALUES (68, '2023-04-23 21:27:14');
INSERT INTO session_table (user_id, connected_at) VALUES (94, '2023-06-29 04:18:05');
INSERT INTO session_table (user_id, connected_at) VALUES (69, '2023-06-16 16:31:20');
INSERT INTO session_table (user_id, connected_at) VALUES (10, '2023-06-01 10:56:52');
INSERT INTO session_table (user_id, connected_at) VALUES (39, '2023-06-12 15:38:15');
INSERT INTO session_table (user_id, connected_at) VALUES (67, '2023-06-09 16:03:25');
INSERT INTO session_table (user_id, connected_at) VALUES (34, '2023-04-20 00:05:28');
INSERT INTO session_table (user_id, connected_at) VALUES (53, '2023-06-12 20:02:38');
INSERT INTO session_table (user_id, connected_at) VALUES (17, '2023-03-10 08:39:03');
INSERT INTO session_table (user_id, connected_at) VALUES (83, '2023-05-21 19:14:20');
INSERT INTO session_table (user_id, connected_at) VALUES (1, '2023-06-28 08:06:56');
INSERT INTO session_table (user_id, connected_at) VALUES (32, '2023-03-23 09:11:20');
INSERT INTO session_table (user_id, connected_at) VALUES (20, '2023-05-27 00:14:50');
INSERT INTO session_table (user_id, connected_at) VALUES (78, '2023-06-27 17:37:16');
INSERT INTO session_table (user_id, connected_at) VALUES (57, '2023-02-14 17:09:43');
INSERT INTO session_table (user_id, connected_at) VALUES (99, '2023-06-28 12:59:48');
INSERT INTO session_table (user_id, connected_at) VALUES (65, '2023-03-30 10:06:59');
INSERT INTO session_table (user_id, connected_at) VALUES (96, '2023-04-22 05:55:38');
INSERT INTO session_table (user_id, connected_at) VALUES (53, '2023-06-13 02:21:25');
INSERT INTO session_table (user_id, connected_at) VALUES (3, '2023-04-25 14:08:55');
INSERT INTO session_table (user_id, connected_at) VALUES (100, '2023-05-27 19:11:29');
INSERT INTO session_table (user_id, connected_at) VALUES (61, '2023-02-26 18:02:11');
INSERT INTO session_table (user_id, connected_at) VALUES (18, '2023-06-24 17:33:05');
INSERT INTO session_table (user_id, connected_at) VALUES (96, '2023-05-26 06:51:01');
INSERT INTO session_table (user_id, connected_at) VALUES (72, '2023-03-27 19:17:38');
INSERT INTO session_table (user_id, connected_at) VALUES (2, '2023-06-19 09:02:28');
INSERT INTO session_table (user_id, connected_at) VALUES (8, '2023-06-24 13:38:12');
INSERT INTO session_table (user_id, connected_at) VALUES (7, '2023-04-04 04:22:05');
INSERT INTO session_table (user_id, connected_at) VALUES (81, '2023-05-29 08:51:01');
INSERT INTO session_table (user_id, connected_at) VALUES (96, '2023-04-13 23:39:55');
INSERT INTO session_table (user_id, connected_at) VALUES (72, '2023-06-05 21:17:12');
INSERT INTO session_table (user_id, connected_at) VALUES (39, '2023-06-24 23:44:11');
INSERT INTO session_table (user_id, connected_at) VALUES (20, '2023-06-01 10:39:18');
INSERT INTO session_table (user_id, connected_at) VALUES (92, '2023-01-29 18:15:54');
INSERT INTO session_table (user_id, connected_at) VALUES (11, '2023-04-25 22:21:25');
INSERT INTO session_table (user_id, connected_at) VALUES (99, '2023-06-28 19:39:51');
INSERT INTO session_table (user_id, connected_at) VALUES (14, '2023-04-04 14:37:08');
INSERT INTO session_table (user_id, connected_at) VALUES (82, '2023-05-13 22:57:38');
INSERT INTO session_table (user_id, connected_at) VALUES (28, '2023-02-23 21:48:43');
INSERT INTO session_table (user_id, connected_at) VALUES (73, '2023-06-03 16:47:58');
INSERT INTO session_table (user_id, connected_at) VALUES (86, '2023-06-14 03:58:10');
INSERT INTO session_table (user_id, connected_at) VALUES (33, '2023-02-01 06:15:17');
INSERT INTO session_table (user_id, connected_at) VALUES (19, '2023-05-25 02:02:39');
INSERT INTO session_table (user_id, connected_at) VALUES (41, '2023-06-17 20:20:33');
INSERT INTO session_table (user_id, connected_at) VALUES (49, '2023-06-25 04:00:32');
INSERT INTO session_table (user_id, connected_at) VALUES (23, '2023-06-24 23:18:24');
INSERT INTO session_table (user_id, connected_at) VALUES (29, '2023-04-28 10:25:27');
INSERT INTO session_table (user_id, connected_at) VALUES (68, '2023-02-07 12:48:21');
INSERT INTO session_table (user_id, connected_at) VALUES (24, '2023-06-05 09:26:43');
INSERT INTO session_table (user_id, connected_at) VALUES (19, '2023-05-30 07:41:26');
INSERT INTO session_table (user_id, connected_at) VALUES (39, '2023-05-18 22:58:58');
INSERT INTO session_table (user_id, connected_at) VALUES (62, '2023-05-11 21:00:18');
INSERT INTO session_table (user_id, connected_at) VALUES (3, '2023-06-24 08:38:09');
INSERT INTO session_table (user_id, connected_at) VALUES (75, '2023-03-06 08:13:10');
INSERT INTO session_table (user_id, connected_at) VALUES (48, '2023-04-03 06:28:33');
INSERT INTO session_table (user_id, connected_at) VALUES (29, '2023-06-09 13:43:43');
INSERT INTO session_table (user_id, connected_at) VALUES (68, '2023-05-31 18:46:26');
INSERT INTO session_table (user_id, connected_at) VALUES (82, '2023-06-22 18:54:51');
INSERT INTO session_table (user_id, connected_at) VALUES (54, '2023-06-14 21:48:58');
INSERT INTO session_table (user_id, connected_at) VALUES (2, '2023-06-27 05:00:14');
INSERT INTO session_table (user_id, connected_at) VALUES (22, '2023-04-15 11:55:47');
INSERT INTO session_table (user_id, connected_at) VALUES (25, '2023-04-30 08:48:37');
INSERT INTO session_table (user_id, connected_at) VALUES (78, '2023-06-23 17:05:00');
INSERT INTO session_table (user_id, connected_at) VALUES (62, '2023-05-08 02:29:17');
INSERT INTO session_table (user_id, connected_at) VALUES (92, '2023-06-23 14:28:57');
INSERT INTO session_table (user_id, connected_at) VALUES (27, '2023-06-27 00:44:28');
INSERT INTO session_table (user_id, connected_at) VALUES (78, '2023-06-29 18:13:44');
INSERT INTO session_table (user_id, connected_at) VALUES (11, '2023-02-18 16:08:28');
INSERT INTO session_table (user_id, connected_at) VALUES (8, '2023-06-18 06:22:12');
INSERT INTO session_table (user_id, connected_at) VALUES (75, '2023-03-25 04:08:03');
INSERT INTO session_table (user_id, connected_at) VALUES (62, '2023-04-07 17:08:43');
INSERT INTO session_table (user_id, connected_at) VALUES (90, '2023-05-17 07:46:25');
INSERT INTO session_table (user_id, connected_at) VALUES (73, '2023-06-07 16:31:11');
INSERT INTO session_table (user_id, connected_at) VALUES (67, '2023-03-19 19:11:40');
INSERT INTO session_table (user_id, connected_at) VALUES (99, '2023-06-29 20:10:57');
INSERT INTO session_table (user_id, connected_at) VALUES (40, '2023-06-12 23:45:44');
INSERT INTO session_table (user_id, connected_at) VALUES (95, '2023-06-01 02:35:55');
INSERT INTO session_table (user_id, connected_at) VALUES (91, '2023-06-07 04:53:29');
INSERT INTO session_table (user_id, connected_at) VALUES (13, '2023-05-14 01:44:47');
INSERT INTO session_table (user_id, connected_at) VALUES (53, '2023-06-21 23:37:15');
INSERT INTO session_table (user_id, connected_at) VALUES (56, '2023-04-09 17:27:05');
INSERT INTO session_table (user_id, connected_at) VALUES (89, '2023-05-17 04:49:25');
INSERT INTO session_table (user_id, connected_at) VALUES (33, '2023-04-14 08:36:01');
INSERT INTO session_table (user_id, connected_at) VALUES (24, '2023-06-11 09:58:25');
INSERT INTO session_table (user_id, connected_at) VALUES (1, '2023-06-27 11:31:59');
INSERT INTO session_table (user_id, connected_at) VALUES (84, '2023-03-28 18:13:09');
INSERT INTO session_table (user_id, connected_at) VALUES (78, '2023-06-25 05:11:45');
INSERT INTO session_table (user_id, connected_at) VALUES (29, '2023-06-27 11:03:20');
INSERT INTO session_table (user_id, connected_at) VALUES (51, '2023-06-22 22:52:41');
INSERT INTO session_table (user_id, connected_at) VALUES (88, '2023-05-21 16:47:01');
INSERT INTO session_table (user_id, connected_at) VALUES (11, '2023-02-18 18:53:59');
INSERT INTO session_table (user_id, connected_at) VALUES (99, '2023-06-27 05:02:34');
INSERT INTO session_table (user_id, connected_at) VALUES (11, '2023-05-29 18:35:32');
INSERT INTO session_table (user_id, connected_at) VALUES (51, '2023-06-21 21:38:11');
INSERT INTO session_table (user_id, connected_at) VALUES (8, '2023-06-13 14:51:49');
INSERT INTO session_table (user_id, connected_at) VALUES (13, '2023-03-05 04:34:15');
INSERT INTO session_table (user_id, connected_at) VALUES (53, '2023-06-26 01:45:46');
INSERT INTO session_table (user_id, connected_at) VALUES (8, '2023-06-17 09:39:32');
INSERT INTO session_table (user_id, connected_at) VALUES (24, '2023-03-17 00:11:27');
INSERT INTO session_table (user_id, connected_at) VALUES (30, '2023-06-27 23:51:01');
INSERT INTO session_table (user_id, connected_at) VALUES (45, '2023-06-03 08:54:58');
INSERT INTO session_table (user_id, connected_at) VALUES (26, '2023-05-31 02:57:32');
INSERT INTO session_table (user_id, connected_at) VALUES (4, '2023-06-16 23:44:01');
INSERT INTO session_table (user_id, connected_at) VALUES (99, '2023-06-26 01:51:41');
INSERT INTO session_table (user_id, connected_at) VALUES (90, '2023-06-24 07:11:02');
INSERT INTO session_table (user_id, connected_at) VALUES (78, '2023-06-24 02:06:59');
INSERT INTO session_table (user_id, connected_at) VALUES (58, '2023-06-20 08:19:23');
INSERT INTO session_table (user_id, connected_at) VALUES (96, '2023-04-10 17:16:47');
INSERT INTO session_table (user_id, connected_at) VALUES (50, '2023-02-10 22:58:54');
INSERT INTO session_table (user_id, connected_at) VALUES (34, '2023-06-08 23:22:21');
INSERT INTO session_table (user_id, connected_at) VALUES (19, '2023-05-07 01:28:53');
INSERT INTO session_table (user_id, connected_at) VALUES (41, '2023-06-20 02:41:16');
INSERT INTO session_table (user_id, connected_at) VALUES (32, '2023-02-26 17:57:35');
INSERT INTO session_table (user_id, connected_at) VALUES (20, '2023-05-18 18:43:44');
INSERT INTO session_table (user_id, connected_at) VALUES (97, '2023-02-26 20:19:58');
INSERT INTO session_table (user_id, connected_at) VALUES (58, '2023-06-27 20:35:22');
INSERT INTO session_table (user_id, connected_at) VALUES (37, '2023-06-19 20:18:08');
INSERT INTO session_table (user_id, connected_at) VALUES (76, '2023-04-07 05:29:01');
INSERT INTO session_table (user_id, connected_at) VALUES (29, '2023-04-21 16:04:52');
INSERT INTO session_table (user_id, connected_at) VALUES (10, '2023-06-18 03:12:31');
INSERT INTO session_table (user_id, connected_at) VALUES (91, '2023-02-18 11:11:32');
INSERT INTO session_table (user_id, connected_at) VALUES (54, '2023-06-21 23:32:41');
INSERT INTO session_table (user_id, connected_at) VALUES (30, '2023-06-29 19:46:14');
INSERT INTO session_table (user_id, connected_at) VALUES (23, '2023-06-25 13:03:58');
INSERT INTO session_table (user_id, connected_at) VALUES (82, '2023-06-10 15:36:00');
INSERT INTO session_table (user_id, connected_at) VALUES (48, '2023-04-04 04:03:54');
INSERT INTO session_table (user_id, connected_at) VALUES (70, '2023-03-14 05:22:14');
INSERT INTO session_table (user_id, connected_at) VALUES (47, '2023-06-28 20:29:24');
INSERT INTO session_table (user_id, connected_at) VALUES (30, '2023-06-27 12:19:03');
INSERT INTO session_table (user_id, connected_at) VALUES (49, '2023-05-12 03:07:51');
INSERT INTO session_table (user_id, connected_at) VALUES (62, '2023-06-11 23:19:26');
INSERT INTO session_table (user_id, connected_at) VALUES (95, '2023-06-18 16:08:48');
INSERT INTO session_table (user_id, connected_at) VALUES (56, '2023-05-23 03:11:38');
INSERT INTO session_table (user_id, connected_at) VALUES (88, '2023-06-08 06:32:46');
INSERT INTO session_table (user_id, connected_at) VALUES (58, '2023-06-21 20:57:28');
INSERT INTO session_table (user_id, connected_at) VALUES (30, '2023-06-27 22:01:47');
INSERT INTO session_table (user_id, connected_at) VALUES (64, '2023-05-15 02:22:19');
INSERT INTO session_table (user_id, connected_at) VALUES (53, '2023-06-04 19:05:08');
INSERT INTO session_table (user_id, connected_at) VALUES (83, '2023-05-20 15:23:11');
INSERT INTO session_table (user_id, connected_at) VALUES (13, '2023-02-22 15:14:47');
INSERT INTO session_table (user_id, connected_at) VALUES (39, '2023-06-17 22:33:22');
INSERT INTO session_table (user_id, connected_at) VALUES (87, '2023-06-04 16:24:58');
INSERT INTO session_table (user_id, connected_at) VALUES (49, '2023-04-27 21:49:39');
INSERT INTO session_table (user_id, connected_at) VALUES (22, '2023-02-28 14:08:29');
INSERT INTO session_table (user_id, connected_at) VALUES (72, '2023-06-19 01:50:41');
INSERT INTO session_table (user_id, connected_at) VALUES (63, '2023-06-18 16:58:37');
INSERT INTO session_table (user_id, connected_at) VALUES (46, '2023-05-29 22:52:08');
INSERT INTO session_table (user_id, connected_at) VALUES (75, '2023-06-21 18:26:53');
INSERT INTO session_table (user_id, connected_at) VALUES (41, '2023-06-10 03:13:20');
INSERT INTO session_table (user_id, connected_at) VALUES (98, '2023-06-21 04:43:25');
INSERT INTO session_table (user_id, connected_at) VALUES (51, '2023-06-25 12:18:03');
INSERT INTO session_table (user_id, connected_at) VALUES (22, '2023-03-09 22:07:30');
INSERT INTO session_table (user_id, connected_at) VALUES (56, '2023-03-09 20:46:26');
INSERT INTO session_table (user_id, connected_at) VALUES (28, '2023-03-18 18:03:18');
INSERT INTO session_table (user_id, connected_at) VALUES (1, '2023-06-27 23:58:08');
INSERT INTO session_table (user_id, connected_at) VALUES (67, '2023-06-08 15:38:59');
INSERT INTO session_table (user_id, connected_at) VALUES (29, '2023-04-24 23:57:53');
INSERT INTO session_table (user_id, connected_at) VALUES (8, '2023-06-22 08:36:43');
INSERT INTO session_table (user_id, connected_at) VALUES (84, '2023-05-08 05:48:15');
INSERT INTO session_table (user_id, connected_at) VALUES (32, '2023-02-18 21:28:48');
INSERT INTO session_table (user_id, connected_at) VALUES (12, '2023-04-02 22:32:23');
INSERT INTO session_table (user_id, connected_at) VALUES (66, '2023-06-29 21:58:05');
INSERT INTO session_table (user_id, connected_at) VALUES (59, '2023-05-01 22:42:06');
INSERT INTO session_table (user_id, connected_at) VALUES (13, '2023-03-11 20:38:48');
INSERT INTO session_table (user_id, connected_at) VALUES (96, '2023-06-18 08:31:33');
INSERT INTO session_table (user_id, connected_at) VALUES (81, '2023-05-29 14:23:22');
INSERT INTO session_table (user_id, connected_at) VALUES (2, '2023-06-28 08:03:44');
INSERT INTO session_table (user_id, connected_at) VALUES (40, '2023-06-06 23:07:29');
INSERT INTO session_table (user_id, connected_at) VALUES (26, '2023-04-17 12:45:12');
INSERT INTO session_table (user_id, connected_at) VALUES (40, '2023-06-04 00:56:19');
INSERT INTO session_table (user_id, connected_at) VALUES (76, '2023-03-31 12:50:57');
INSERT INTO session_table (user_id, connected_at) VALUES (6, '2023-06-26 20:20:39');
INSERT INTO session_table (user_id, connected_at) VALUES (76, '2023-05-06 21:03:23');
INSERT INTO session_table (user_id, connected_at) VALUES (83, '2023-06-10 07:56:24');
INSERT INTO session_table (user_id, connected_at) VALUES (5, '2023-04-05 06:29:52');
INSERT INTO session_table (user_id, connected_at) VALUES (82, '2023-06-24 02:57:47');
INSERT INTO session_table (user_id, connected_at) VALUES (81, '2023-06-07 05:01:49');
INSERT INTO session_table (user_id, connected_at) VALUES (19, '2023-05-30 04:37:09');
INSERT INTO session_table (user_id, connected_at) VALUES (74, '2023-06-24 09:11:53');
INSERT INTO session_table (user_id, connected_at) VALUES (53, '2023-06-14 11:15:54');
INSERT INTO session_table (user_id, connected_at) VALUES (88, '2023-05-08 21:43:38');
INSERT INTO session_table (user_id, connected_at) VALUES (7, '2023-05-31 09:51:19');
INSERT INTO session_table (user_id, connected_at) VALUES (5, '2023-04-07 18:38:17');
INSERT INTO session_table (user_id, connected_at) VALUES (24, '2023-04-21 10:50:49');
INSERT INTO session_table (user_id, connected_at) VALUES (37, '2023-04-03 03:28:13');
INSERT INTO session_table (user_id, connected_at) VALUES (13, '2023-03-07 11:05:39');
INSERT INTO session_table (user_id, connected_at) VALUES (97, '2023-02-13 19:42:13');
INSERT INTO session_table (user_id, connected_at) VALUES (98, '2023-05-10 03:50:34');
INSERT INTO session_table (user_id, connected_at) VALUES (20, '2023-06-06 08:15:22');
INSERT INTO session_table (user_id, connected_at) VALUES (99, '2023-06-27 20:44:50');
INSERT INTO session_table (user_id, connected_at) VALUES (55, '2023-06-29 21:46:07');
INSERT INTO session_table (user_id, connected_at) VALUES (80, '2023-04-25 01:51:09');
INSERT INTO session_table (user_id, connected_at) VALUES (93, '2023-03-20 03:24:27');
INSERT INTO session_table (user_id, connected_at) VALUES (93, '2023-04-06 03:42:15');
INSERT INTO session_table (user_id, connected_at) VALUES (83, '2023-06-08 06:28:35');
INSERT INTO session_table (user_id, connected_at) VALUES (13, '2023-06-27 01:04:31');
INSERT INTO session_table (user_id, connected_at) VALUES (85, '2023-06-29 04:25:30');
INSERT INTO session_table (user_id, connected_at) VALUES (33, '2023-02-22 04:37:36');
INSERT INTO session_table (user_id, connected_at) VALUES (22, '2023-05-17 06:44:18');
INSERT INTO session_table (user_id, connected_at) VALUES (18, '2023-06-19 19:48:41');
INSERT INTO session_table (user_id, connected_at) VALUES (57, '2023-03-21 17:28:46');
INSERT INTO session_table (user_id, connected_at) VALUES (22, '2023-03-11 17:36:58');
INSERT INTO session_table (user_id, connected_at) VALUES (2, '2023-06-27 18:37:26');
INSERT INTO session_table (user_id, connected_at) VALUES (40, '2023-06-05 06:46:32');
INSERT INTO session_table (user_id, connected_at) VALUES (17, '2023-01-12 21:35:20');
INSERT INTO session_table (user_id, connected_at) VALUES (75, '2023-04-30 00:41:09');
INSERT INTO session_table (user_id, connected_at) VALUES (42, '2023-06-23 17:17:22');
INSERT INTO session_table (user_id, connected_at) VALUES (29, '2023-06-02 02:10:37');
INSERT INTO session_table (user_id, connected_at) VALUES (56, '2023-06-23 18:40:03');
INSERT INTO session_table (user_id, connected_at) VALUES (54, '2023-04-14 07:55:19');
INSERT INTO session_table (user_id, connected_at) VALUES (45, '2023-05-31 02:57:39');
INSERT INTO session_table (user_id, connected_at) VALUES (77, '2023-06-13 22:32:26');
INSERT INTO session_table (user_id, connected_at) VALUES (89, '2023-06-12 14:46:49');
INSERT INTO session_table (user_id, connected_at) VALUES (93, '2023-05-01 19:21:58');
INSERT INTO session_table (user_id, connected_at) VALUES (97, '2023-05-25 13:37:35');
INSERT INTO session_table (user_id, connected_at) VALUES (10, '2023-06-03 23:46:28');
INSERT INTO session_table (user_id, connected_at) VALUES (97, '2023-05-01 19:11:10');
INSERT INTO session_table (user_id, connected_at) VALUES (19, '2023-04-22 22:57:25');
INSERT INTO session_table (user_id, connected_at) VALUES (82, '2023-06-25 08:17:43');
INSERT INTO session_table (user_id, connected_at) VALUES (70, '2023-03-07 16:20:25');
INSERT INTO session_table (user_id, connected_at) VALUES (51, '2023-06-22 12:35:28');
INSERT INTO session_table (user_id, connected_at) VALUES (71, '2023-06-03 15:02:45');
INSERT INTO session_table (user_id, connected_at) VALUES (37, '2023-04-14 03:27:46');
INSERT INTO session_table (user_id, connected_at) VALUES (98, '2023-06-24 07:05:52');
INSERT INTO session_table (user_id, connected_at) VALUES (85, '2023-05-30 02:05:53');
INSERT INTO session_table (user_id, connected_at) VALUES (91, '2023-04-23 03:49:41');
INSERT INTO session_table (user_id, connected_at) VALUES (17, '2023-02-16 06:15:21');
INSERT INTO session_table (user_id, connected_at) VALUES (27, '2023-06-26 16:57:06');
INSERT INTO session_table (user_id, connected_at) VALUES (86, '2023-06-14 10:52:52');
INSERT INTO session_table (user_id, connected_at) VALUES (39, '2023-06-24 01:04:48');
INSERT INTO session_table (user_id, connected_at) VALUES (1, '2023-06-27 17:20:29');
INSERT INTO session_table (user_id, connected_at) VALUES (58, '2023-06-25 16:12:29');
INSERT INTO session_table (user_id, connected_at) VALUES (60, '2023-03-10 11:54:55');
INSERT INTO session_table (user_id, connected_at) VALUES (96, '2023-03-01 07:23:37');
INSERT INTO session_table (user_id, connected_at) VALUES (6, '2023-06-03 02:30:01');
INSERT INTO session_table (user_id, connected_at) VALUES (68, '2023-05-08 00:51:47');
INSERT INTO session_table (user_id, connected_at) VALUES (11, '2023-02-10 12:44:40');
INSERT INTO session_table (user_id, connected_at) VALUES (80, '2023-04-18 18:57:34');
INSERT INTO session_table (user_id, connected_at) VALUES (2, '2023-06-21 15:03:18');
INSERT INTO session_table (user_id, connected_at) VALUES (45, '2023-06-06 14:33:17');
INSERT INTO session_table (user_id, connected_at) VALUES (22, '2023-03-20 19:49:25');
INSERT INTO session_table (user_id, connected_at) VALUES (27, '2023-06-25 10:18:23');
INSERT INTO session_table (user_id, connected_at) VALUES (80, '2023-05-31 12:12:49');
INSERT INTO session_table (user_id, connected_at) VALUES (74, '2023-06-12 00:10:04');
INSERT INTO session_table (user_id, connected_at) VALUES (7, '2023-06-05 19:56:25');
INSERT INTO session_table (user_id, connected_at) VALUES (44, '2023-05-25 02:23:27');
INSERT INTO session_table (user_id, connected_at) VALUES (95, '2023-06-03 05:27:06');
INSERT INTO session_table (user_id, connected_at) VALUES (98, '2023-06-01 21:41:30');
INSERT INTO session_table (user_id, connected_at) VALUES (98, '2023-05-15 05:54:19');
INSERT INTO session_table (user_id, connected_at) VALUES (84, '2023-05-23 11:06:07');
INSERT INTO session_table (user_id, connected_at) VALUES (97, '2023-01-19 11:17:55');
INSERT INTO session_table (user_id, connected_at) VALUES (29, '2023-01-21 13:19:03');
INSERT INTO session_table (user_id, connected_at) VALUES (34, '2023-04-09 19:16:18');
INSERT INTO session_table (user_id, connected_at) VALUES (64, '2023-04-23 03:50:36');
INSERT INTO session_table (user_id, connected_at) VALUES (8, '2023-06-19 20:26:12');
INSERT INTO session_table (user_id, connected_at) VALUES (20, '2023-06-24 03:10:14');
INSERT INTO session_table (user_id, connected_at) VALUES (28, '2023-05-15 02:57:49');
INSERT INTO session_table (user_id, connected_at) VALUES (76, '2023-04-30 11:32:37');
INSERT INTO session_table (user_id, connected_at) VALUES (59, '2023-05-28 11:20:00');
INSERT INTO session_table (user_id, connected_at) VALUES (40, '2023-06-19 00:57:49');
INSERT INTO session_table (user_id, connected_at) VALUES (95, '2023-06-10 16:14:04');
INSERT INTO session_table (user_id, connected_at) VALUES (73, '2023-06-07 13:25:57');
INSERT INTO session_table (user_id, connected_at) VALUES (73, '2023-06-14 07:05:14');
INSERT INTO session_table (user_id, connected_at) VALUES (36, '2023-06-29 03:50:39');
INSERT INTO session_table (user_id, connected_at) VALUES (12, '2023-04-27 01:21:03');
INSERT INTO session_table (user_id, connected_at) VALUES (82, '2023-06-12 18:23:42');
INSERT INTO session_table (user_id, connected_at) VALUES (38, '2023-05-31 21:00:17');
INSERT INTO session_table (user_id, connected_at) VALUES (52, '2023-06-26 04:22:36');
INSERT INTO session_table (user_id, connected_at) VALUES (5, '2023-05-26 03:00:46');
INSERT INTO session_table (user_id, connected_at) VALUES (21, '2023-05-21 13:48:22');
INSERT INTO session_table (user_id, connected_at) VALUES (58, '2023-06-28 18:31:38');
INSERT INTO session_table (user_id, connected_at) VALUES (10, '2023-06-23 21:48:31');
INSERT INTO session_table (user_id, connected_at) VALUES (37, '2023-03-07 19:52:04');
INSERT INTO session_table (user_id, connected_at) VALUES (52, '2023-06-29 17:58:54');
INSERT INTO session_table (user_id, connected_at) VALUES (29, '2023-03-12 23:42:07');
INSERT INTO session_table (user_id, connected_at) VALUES (68, '2023-06-23 22:23:06');
INSERT INTO session_table (user_id, connected_at) VALUES (28, '2023-04-09 06:08:02');
INSERT INTO session_table (user_id, connected_at) VALUES (35, '2023-06-18 12:18:26');
INSERT INTO session_table (user_id, connected_at) VALUES (42, '2023-06-08 08:25:05');
INSERT INTO session_table (user_id, connected_at) VALUES (17, '2023-05-25 04:11:47');
INSERT INTO session_table (user_id, connected_at) VALUES (1, '2023-06-29 19:31:04');
INSERT INTO session_table (user_id, connected_at) VALUES (35, '2023-06-05 09:15:51');
INSERT INTO session_table (user_id, connected_at) VALUES (41, '2023-04-30 21:14:31');
INSERT INTO session_table (user_id, connected_at) VALUES (28, '2023-03-08 12:30:40');
INSERT INTO session_table (user_id, connected_at) VALUES (43, '2023-04-07 05:50:03');
INSERT INTO session_table (user_id, connected_at) VALUES (22, '2023-04-02 09:25:36');
INSERT INTO session_table (user_id, connected_at) VALUES (8, '2023-06-15 17:03:20');
INSERT INTO session_table (user_id, connected_at) VALUES (88, '2023-04-25 19:36:46');
INSERT INTO session_table (user_id, connected_at) VALUES (9, '2023-03-14 03:20:44');
INSERT INTO session_table (user_id, connected_at) VALUES (43, '2023-05-17 23:35:24');
INSERT INTO session_table (user_id, connected_at) VALUES (50, '2023-04-06 10:00:05');
INSERT INTO session_table (user_id, connected_at) VALUES (12, '2023-06-22 00:18:27');
INSERT INTO session_table (user_id, connected_at) VALUES (6, '2023-06-04 12:40:52');
INSERT INTO session_table (user_id, connected_at) VALUES (72, '2023-03-17 04:18:33');
INSERT INTO session_table (user_id, connected_at) VALUES (69, '2023-06-26 06:06:37');
INSERT INTO session_table (user_id, connected_at) VALUES (22, '2023-06-25 03:09:00');
INSERT INTO session_table (user_id, connected_at) VALUES (57, '2023-01-31 19:50:40');
INSERT INTO session_table (user_id, connected_at) VALUES (82, '2023-05-29 22:54:35');
INSERT INTO session_table (user_id, connected_at) VALUES (2, '2023-06-11 15:30:36');
INSERT INTO session_table (user_id, connected_at) VALUES (4, '2023-05-30 01:53:59');
INSERT INTO session_table (user_id, connected_at) VALUES (21, '2023-06-24 01:48:43');
INSERT INTO session_table (user_id, connected_at) VALUES (56, '2023-05-11 04:24:44');
INSERT INTO session_table (user_id, connected_at) VALUES (20, '2023-06-06 07:42:19');
INSERT INTO session_table (user_id, connected_at) VALUES (97, '2023-05-18 22:48:58');
INSERT INTO session_table (user_id, connected_at) VALUES (97, '2023-05-29 22:29:57');
INSERT INTO session_table (user_id, connected_at) VALUES (77, '2023-06-04 22:45:36');
INSERT INTO session_table (user_id, connected_at) VALUES (60, '2023-03-20 01:23:52');
INSERT INTO session_table (user_id, connected_at) VALUES (64, '2023-06-24 09:05:56');
INSERT INTO session_table (user_id, connected_at) VALUES (17, '2023-03-15 11:20:01');
INSERT INTO session_table (user_id, connected_at) VALUES (47, '2023-06-28 11:10:17');
INSERT INTO session_table (user_id, connected_at) VALUES (74, '2023-06-04 20:52:22');
INSERT INTO session_table (user_id, connected_at) VALUES (86, '2023-06-15 13:13:07');
INSERT INTO session_table (user_id, connected_at) VALUES (14, '2023-06-01 13:19:19');
INSERT INTO session_table (user_id, connected_at) VALUES (79, '2023-06-09 14:07:17');
INSERT INTO session_table (user_id, connected_at) VALUES (9, '2023-02-02 09:58:35');
INSERT INTO session_table (user_id, connected_at) VALUES (10, '2023-06-24 20:04:03');
INSERT INTO session_table (user_id, connected_at) VALUES (99, '2023-06-26 03:26:32');
INSERT INTO session_table (user_id, connected_at) VALUES (40, '2023-06-07 15:25:16');
INSERT INTO session_table (user_id, connected_at) VALUES (4, '2023-06-26 06:06:09');
INSERT INTO session_table (user_id, connected_at) VALUES (36, '2023-06-13 14:22:11');
INSERT INTO session_table (user_id, connected_at) VALUES (74, '2023-05-29 17:49:41');
INSERT INTO session_table (user_id, connected_at) VALUES (6, '2023-06-09 00:32:14');
INSERT INTO session_table (user_id, connected_at) VALUES (80, '2023-04-17 09:13:19');
INSERT INTO session_table (user_id, connected_at) VALUES (8, '2023-06-17 16:58:47');
INSERT INTO session_table (user_id, connected_at) VALUES (62, '2023-04-23 18:07:18');
INSERT INTO session_table (user_id, connected_at) VALUES (92, '2023-06-05 07:42:29');
INSERT INTO session_table (user_id, connected_at) VALUES (52, '2023-05-28 17:00:26');
INSERT INTO session_table (user_id, connected_at) VALUES (98, '2023-05-31 15:27:27');
INSERT INTO session_table (user_id, connected_at) VALUES (46, '2023-05-11 00:48:48');
INSERT INTO session_table (user_id, connected_at) VALUES (21, '2023-05-29 15:33:47');
INSERT INTO session_table (user_id, connected_at) VALUES (9, '2023-05-19 19:16:31');
INSERT INTO session_table (user_id, connected_at) VALUES (36, '2023-06-02 13:38:42');
INSERT INTO session_table (user_id, connected_at) VALUES (45, '2023-06-13 16:13:08');
INSERT INTO session_table (user_id, connected_at) VALUES (89, '2023-05-04 19:40:05');
INSERT INTO session_table (user_id, connected_at) VALUES (76, '2023-06-09 16:03:25');
INSERT INTO session_table (user_id, connected_at) VALUES (26, '2023-03-18 18:34:36');
INSERT INTO session_table (user_id, connected_at) VALUES (65, '2023-06-07 13:06:36');
INSERT INTO session_table (user_id, connected_at) VALUES (76, '2023-03-16 11:11:33');
INSERT INTO session_table (user_id, connected_at) VALUES (32, '2023-06-15 22:44:39');
INSERT INTO session_table (user_id, connected_at) VALUES (70, '2023-02-22 09:44:57');
INSERT INTO session_table (user_id, connected_at) VALUES (40, '2023-06-04 23:43:06');
INSERT INTO session_table (user_id, connected_at) VALUES (67, '2023-02-17 07:42:09');
INSERT INTO session_table (user_id, connected_at) VALUES (73, '2023-06-09 17:29:36');
INSERT INTO session_table (user_id, connected_at) VALUES (25, '2023-05-15 00:09:59');
INSERT INTO session_table (user_id, connected_at) VALUES (25, '2023-05-16 14:21:15');
INSERT INTO session_table (user_id, connected_at) VALUES (56, '2023-04-15 04:07:17');
INSERT INTO session_table (user_id, connected_at) VALUES (84, '2023-03-25 17:51:37');
INSERT INTO session_table (user_id, connected_at) VALUES (43, '2023-02-18 12:34:53');
INSERT INTO session_table (user_id, connected_at) VALUES (9, '2023-05-04 09:34:04');
INSERT INTO session_table (user_id, connected_at) VALUES (46, '2023-05-13 10:45:05');
INSERT INTO session_table (user_id, connected_at) VALUES (57, '2023-03-06 03:47:10');
INSERT INTO session_table (user_id, connected_at) VALUES (24, '2023-05-01 09:43:36');
INSERT INTO session_table (user_id, connected_at) VALUES (58, '2023-06-26 11:45:27');
INSERT INTO session_table (user_id, connected_at) VALUES (84, '2023-05-05 03:52:15');
INSERT INTO session_table (user_id, connected_at) VALUES (24, '2023-05-28 08:17:49');
INSERT INTO session_table (user_id, connected_at) VALUES (57, '2023-05-12 23:51:24');
INSERT INTO session_table (user_id, connected_at) VALUES (29, '2023-03-22 14:22:02');
INSERT INTO session_table (user_id, connected_at) VALUES (20, '2023-06-25 14:03:58');
INSERT INTO session_table (user_id, connected_at) VALUES (3, '2023-05-23 05:53:14');
INSERT INTO session_table (user_id, connected_at) VALUES (73, '2023-05-11 20:15:01');
INSERT INTO session_table (user_id, connected_at) VALUES (80, '2023-04-24 03:37:26');
INSERT INTO session_table (user_id, connected_at) VALUES (30, '2023-06-29 18:31:44');
INSERT INTO session_table (user_id, connected_at) VALUES (57, '2023-02-07 20:59:43');
INSERT INTO session_table (user_id, connected_at) VALUES (8, '2023-06-11 02:26:09');
INSERT INTO session_table (user_id, connected_at) VALUES (5, '2023-04-02 08:19:35');
INSERT INTO session_table (user_id, connected_at) VALUES (64, '2023-05-07 19:47:28');
INSERT INTO session_table (user_id, connected_at) VALUES (90, '2023-05-27 10:51:40');
INSERT INTO session_table (user_id, connected_at) VALUES (71, '2023-03-28 04:27:12');
INSERT INTO session_table (user_id, connected_at) VALUES (98, '2023-05-31 18:29:45');
INSERT INTO session_table (user_id, connected_at) VALUES (24, '2023-03-30 02:45:42');
INSERT INTO session_table (user_id, connected_at) VALUES (38, '2023-05-26 02:00:37');
INSERT INTO session_table (user_id, connected_at) VALUES (17, '2023-04-06 14:21:19');
INSERT INTO session_table (user_id, connected_at) VALUES (5, '2023-05-31 01:06:29');
INSERT INTO session_table (user_id, connected_at) VALUES (74, '2023-06-10 17:19:07');
INSERT INTO session_table (user_id, connected_at) VALUES (91, '2023-02-09 01:52:01');
INSERT INTO session_table (user_id, connected_at) VALUES (9, '2023-03-02 21:57:55');
INSERT INTO session_table (user_id, connected_at) VALUES (38, '2023-06-19 15:56:54');
INSERT INTO session_table (user_id, connected_at) VALUES (85, '2023-04-12 15:32:13');
INSERT INTO session_table (user_id, connected_at) VALUES (55, '2023-06-27 17:12:37');
INSERT INTO session_table (user_id, connected_at) VALUES (83, '2023-06-06 12:09:30');
INSERT INTO session_table (user_id, connected_at) VALUES (43, '2023-02-23 14:21:18');
INSERT INTO session_table (user_id, connected_at) VALUES (92, '2023-05-10 04:28:02');
INSERT INTO session_table (user_id, connected_at) VALUES (18, '2023-06-26 17:16:47');
INSERT INTO session_table (user_id, connected_at) VALUES (25, '2023-05-12 05:08:01');
INSERT INTO session_table (user_id, connected_at) VALUES (29, '2023-05-22 16:13:15');
INSERT INTO session_table (user_id, connected_at) VALUES (37, '2023-03-26 21:17:01');
INSERT INTO session_table (user_id, connected_at) VALUES (99, '2023-06-27 06:46:50');
INSERT INTO session_table (user_id, connected_at) VALUES (36, '2023-05-21 16:58:16');
INSERT INTO session_table (user_id, connected_at) VALUES (30, '2023-06-28 19:49:35');
INSERT INTO session_table (user_id, connected_at) VALUES (44, '2023-06-19 00:58:30');
INSERT INTO session_table (user_id, connected_at) VALUES (62, '2023-03-26 15:07:05');
INSERT INTO session_table (user_id, connected_at) VALUES (73, '2023-05-02 19:58:20');
INSERT INTO session_table (user_id, connected_at) VALUES (84, '2023-05-03 01:06:52');
INSERT INTO session_table (user_id, connected_at) VALUES (88, '2023-05-18 22:21:19');
INSERT INTO session_table (user_id, connected_at) VALUES (86, '2023-06-19 05:04:08');
INSERT INTO session_table (user_id, connected_at) VALUES (78, '2023-06-25 09:47:08');
INSERT INTO session_table (user_id, connected_at) VALUES (7, '2023-05-10 03:08:50');
INSERT INTO session_table (user_id, connected_at) VALUES (24, '2023-04-27 00:12:08');
INSERT INTO session_table (user_id, connected_at) VALUES (32, '2023-06-16 05:08:55');
INSERT INTO session_table (user_id, connected_at) VALUES (70, '2023-03-10 03:16:43');
INSERT INTO session_table (user_id, connected_at) VALUES (48, '2023-03-28 04:48:22');
INSERT INTO session_table (user_id, connected_at) VALUES (97, '2023-03-06 21:50:10');
INSERT INTO session_table (user_id, connected_at) VALUES (29, '2023-01-08 05:56:49');
INSERT INTO session_table (user_id, connected_at) VALUES (48, '2023-06-16 10:06:09');
INSERT INTO session_table (user_id, connected_at) VALUES (37, '2023-04-06 15:56:48');
INSERT INTO session_table (user_id, connected_at) VALUES (34, '2023-05-09 08:16:45');
INSERT INTO session_table (user_id, connected_at) VALUES (83, '2023-05-27 01:11:51');
INSERT INTO session_table (user_id, connected_at) VALUES (7, '2023-03-03 00:41:27');
INSERT INTO session_table (user_id, connected_at) VALUES (21, '2023-06-16 17:49:55');
INSERT INTO session_table (user_id, connected_at) VALUES (70, '2023-06-23 09:28:22');
INSERT INTO session_table (user_id, connected_at) VALUES (63, '2023-05-07 10:55:53');
INSERT INTO session_table (user_id, connected_at) VALUES (85, '2023-02-02 05:44:02');
INSERT INTO session_table (user_id, connected_at) VALUES (93, '2023-04-15 04:14:09');
INSERT INTO session_table (user_id, connected_at) VALUES (70, '2023-03-15 02:36:01');
INSERT INTO session_table (user_id, connected_at) VALUES (85, '2023-03-30 07:36:47');
INSERT INTO session_table (user_id, connected_at) VALUES (96, '2023-06-17 13:29:43');
INSERT INTO session_table (user_id, connected_at) VALUES (26, '2023-05-18 11:45:13');
INSERT INTO session_table (user_id, connected_at) VALUES (21, '2023-06-20 10:11:47');
INSERT INTO session_table (user_id, connected_at) VALUES (94, '2023-06-26 08:07:55');
INSERT INTO session_table (user_id, connected_at) VALUES (94, '2023-06-29 13:51:21');
INSERT INTO session_table (user_id, connected_at) VALUES (52, '2023-05-27 23:34:38');
INSERT INTO session_table (user_id, connected_at) VALUES (49, '2023-04-26 21:53:20');
INSERT INTO session_table (user_id, connected_at) VALUES (100, '2023-06-23 12:21:24');
INSERT INTO session_table (user_id, connected_at) VALUES (96, '2023-05-20 19:31:14');
INSERT INTO session_table (user_id, connected_at) VALUES (95, '2023-06-16 16:43:08');
INSERT INTO session_table (user_id, connected_at) VALUES (58, '2023-06-18 22:26:48');
INSERT INTO session_table (user_id, connected_at) VALUES (99, '2023-06-29 02:18:12');
INSERT INTO session_table (user_id, connected_at) VALUES (76, '2023-06-25 01:05:57');
INSERT INTO session_table (user_id, connected_at) VALUES (90, '2023-06-20 18:45:41');
INSERT INTO session_table (user_id, connected_at) VALUES (38, '2023-04-12 02:39:33');
INSERT INTO session_table (user_id, connected_at) VALUES (41, '2023-04-19 12:06:14');
INSERT INTO session_table (user_id, connected_at) VALUES (56, '2023-04-12 06:12:25');
INSERT INTO session_table (user_id, connected_at) VALUES (46, '2023-04-24 17:06:24');
INSERT INTO session_table (user_id, connected_at) VALUES (58, '2023-06-21 06:25:45');
INSERT INTO session_table (user_id, connected_at) VALUES (51, '2023-06-21 17:17:42');
INSERT INTO session_table (user_id, connected_at) VALUES (78, '2023-06-29 15:53:17');
INSERT INTO session_table (user_id, connected_at) VALUES (21, '2023-06-05 03:29:37');
INSERT INTO session_table (user_id, connected_at) VALUES (18, '2023-06-10 07:26:01');
INSERT INTO session_table (user_id, connected_at) VALUES (19, '2023-04-05 08:04:00');
INSERT INTO session_table (user_id, connected_at) VALUES (68, '2023-02-25 07:02:54');
INSERT INTO session_table (user_id, connected_at) VALUES (33, '2023-04-05 15:07:13');
INSERT INTO session_table (user_id, connected_at) VALUES (81, '2023-06-22 10:43:31');
INSERT INTO session_table (user_id, connected_at) VALUES (53, '2023-06-10 02:21:53');
INSERT INTO session_table (user_id, connected_at) VALUES (13, '2023-05-05 05:17:46');
INSERT INTO session_table (user_id, connected_at) VALUES (56, '2023-03-27 08:34:22');
INSERT INTO session_table (user_id, connected_at) VALUES (63, '2023-06-21 00:50:18');
INSERT INTO session_table (user_id, connected_at) VALUES (7, '2023-05-30 14:41:24');
INSERT INTO session_table (user_id, connected_at) VALUES (8, '2023-06-29 23:08:00');
INSERT INTO session_table (user_id, connected_at) VALUES (53, '2023-06-28 21:50:33');
INSERT INTO session_table (user_id, connected_at) VALUES (50, '2023-04-29 23:15:36');
INSERT INTO session_table (user_id, connected_at) VALUES (7, '2023-06-17 07:56:20');
INSERT INTO session_table (user_id, connected_at) VALUES (7, '2023-03-10 21:17:59');
INSERT INTO session_table (user_id, connected_at) VALUES (39, '2023-05-14 13:42:33');
INSERT INTO session_table (user_id, connected_at) VALUES (64, '2023-06-25 01:25:23');
INSERT INTO session_table (user_id, connected_at) VALUES (16, '2023-03-17 11:46:32');
INSERT INTO session_table (user_id, connected_at) VALUES (97, '2023-01-27 10:56:50');
INSERT INTO session_table (user_id, connected_at) VALUES (16, '2023-05-31 05:08:11');
INSERT INTO session_table (user_id, connected_at) VALUES (55, '2023-06-27 17:13:05');
INSERT INTO session_table (user_id, connected_at) VALUES (44, '2023-06-05 06:05:03');
INSERT INTO session_table (user_id, connected_at) VALUES (76, '2023-04-10 23:21:50');
INSERT INTO session_table (user_id, connected_at) VALUES (34, '2023-04-15 21:27:05');
INSERT INTO session_table (user_id, connected_at) VALUES (33, '2023-03-27 15:02:46');
INSERT INTO session_table (user_id, connected_at) VALUES (90, '2023-05-23 01:47:08');
INSERT INTO session_table (user_id, connected_at) VALUES (16, '2023-04-07 11:25:00');
INSERT INTO session_table (user_id, connected_at) VALUES (9, '2023-05-15 15:27:30');
INSERT INTO session_table (user_id, connected_at) VALUES (80, '2023-04-29 14:44:07');
INSERT INTO session_table (user_id, connected_at) VALUES (17, '2023-04-19 00:40:39');
INSERT INTO session_table (user_id, connected_at) VALUES (60, '2023-04-25 11:02:44');
INSERT INTO session_table (user_id, connected_at) VALUES (19, '2023-05-04 15:28:49');
INSERT INTO session_table (user_id, connected_at) VALUES (4, '2023-06-16 22:16:35');
INSERT INTO session_table (user_id, connected_at) VALUES (40, '2023-04-29 22:09:00');
INSERT INTO session_table (user_id, connected_at) VALUES (23, '2023-06-26 21:39:26');
INSERT INTO session_table (user_id, connected_at) VALUES (55, '2023-06-27 22:55:32');
INSERT INTO session_table (user_id, connected_at) VALUES (29, '2023-05-23 23:13:35');
INSERT INTO session_table (user_id, connected_at) VALUES (83, '2023-06-06 06:49:21');
INSERT INTO session_table (user_id, connected_at) VALUES (1, '2023-06-28 12:36:02');
INSERT INTO session_table (user_id, connected_at) VALUES (3, '2023-05-26 01:11:25');
INSERT INTO session_table (user_id, connected_at) VALUES (29, '2023-01-18 07:25:01');
INSERT INTO session_table (user_id, connected_at) VALUES (85, '2023-04-03 14:12:32');
INSERT INTO session_table (user_id, connected_at) VALUES (42, '2023-03-23 13:46:06');
INSERT INTO session_table (user_id, connected_at) VALUES (67, '2023-06-19 04:09:34');
INSERT INTO session_table (user_id, connected_at) VALUES (70, '2023-03-06 17:20:22');
INSERT INTO session_table (user_id, connected_at) VALUES (99, '2023-06-27 02:42:34');
INSERT INTO session_table (user_id, connected_at) VALUES (1, '2023-06-26 11:55:49');
INSERT INTO session_table (user_id, connected_at) VALUES (75, '2023-03-18 05:34:36');
INSERT INTO session_table (user_id, connected_at) VALUES (17, '2023-03-16 12:12:46');
INSERT INTO session_table (user_id, connected_at) VALUES (25, '2023-04-27 22:19:11');
INSERT INTO session_table (user_id, connected_at) VALUES (37, '2023-04-20 01:57:24');
INSERT INTO session_table (user_id, connected_at) VALUES (92, '2023-06-13 22:58:15');
INSERT INTO session_table (user_id, connected_at) VALUES (1, '2023-06-27 12:36:50');
INSERT INTO session_table (user_id, connected_at) VALUES (16, '2023-04-03 12:52:12');
INSERT INTO session_table (user_id, connected_at) VALUES (60, '2023-02-07 23:39:59');
INSERT INTO session_table (user_id, connected_at) VALUES (53, '2023-06-13 03:31:02');
INSERT INTO session_table (user_id, connected_at) VALUES (28, '2023-06-13 10:42:18');
INSERT INTO session_table (user_id, connected_at) VALUES (70, '2023-04-13 03:57:41');
INSERT INTO session_table (user_id, connected_at) VALUES (11, '2023-05-26 04:58:03');
INSERT INTO session_table (user_id, connected_at) VALUES (30, '2023-06-26 19:29:52');
INSERT INTO session_table (user_id, connected_at) VALUES (10, '2023-06-12 20:17:44');
INSERT INTO session_table (user_id, connected_at) VALUES (53, '2023-05-20 14:02:33');
INSERT INTO session_table (user_id, connected_at) VALUES (57, '2023-03-14 17:08:02');
INSERT INTO session_table (user_id, connected_at) VALUES (5, '2023-04-09 00:24:50');
INSERT INTO session_table (user_id, connected_at) VALUES (31, '2023-03-29 12:17:33');
INSERT INTO session_table (user_id, connected_at) VALUES (63, '2023-06-20 09:42:09');
INSERT INTO session_table (user_id, connected_at) VALUES (5, '2023-02-19 05:00:31');
INSERT INTO session_table (user_id, connected_at) VALUES (25, '2023-04-16 06:18:29');
INSERT INTO session_table (user_id, connected_at) VALUES (32, '2023-04-24 08:12:51');
INSERT INTO session_table (user_id, connected_at) VALUES (71, '2023-04-09 08:22:24');
INSERT INTO session_table (user_id, connected_at) VALUES (11, '2023-03-12 14:59:28');
INSERT INTO session_table (user_id, connected_at) VALUES (57, '2023-03-03 15:47:38');
INSERT INTO session_table (user_id, connected_at) VALUES (64, '2023-06-02 19:20:36');
INSERT INTO session_table (user_id, connected_at) VALUES (13, '2023-03-11 19:56:29');
INSERT INTO session_table (user_id, connected_at) VALUES (66, '2023-06-19 08:46:06');
INSERT INTO session_table (user_id, connected_at) VALUES (84, '2023-03-22 16:46:05');
INSERT INTO session_table (user_id, connected_at) VALUES (11, '2023-06-09 23:31:46');
INSERT INTO session_table (user_id, connected_at) VALUES (55, '2023-06-26 18:18:13');
INSERT INTO session_table (user_id, connected_at) VALUES (12, '2023-04-13 17:18:33');
INSERT INTO session_table (user_id, connected_at) VALUES (79, '2023-06-16 21:06:08');
INSERT INTO session_table (user_id, connected_at) VALUES (36, '2023-05-21 10:31:38');
INSERT INTO session_table (user_id, connected_at) VALUES (86, '2023-06-22 03:25:39');
INSERT INTO session_table (user_id, connected_at) VALUES (16, '2023-05-30 03:15:32');
INSERT INTO session_table (user_id, connected_at) VALUES (39, '2023-06-20 06:48:40');
INSERT INTO session_table (user_id, connected_at) VALUES (47, '2023-06-29 03:13:41');
INSERT INTO session_table (user_id, connected_at) VALUES (90, '2023-05-28 20:19:34');
INSERT INTO session_table (user_id, connected_at) VALUES (88, '2023-06-15 22:35:54');
INSERT INTO session_table (user_id, connected_at) VALUES (97, '2023-06-05 18:14:43');
INSERT INTO session_table (user_id, connected_at) VALUES (61, '2023-05-08 09:18:18');
INSERT INTO session_table (user_id, connected_at) VALUES (67, '2023-03-15 10:26:16');
INSERT INTO session_table (user_id, connected_at) VALUES (63, '2023-05-06 07:51:58');
INSERT INTO session_table (user_id, connected_at) VALUES (90, '2023-06-16 20:22:16');
INSERT INTO session_table (user_id, connected_at) VALUES (36, '2023-06-21 05:15:32');
INSERT INTO session_table (user_id, connected_at) VALUES (100, '2023-05-26 18:03:01');
INSERT INTO session_table (user_id, connected_at) VALUES (85, '2023-03-20 21:05:51');
INSERT INTO session_table (user_id, connected_at) VALUES (20, '2023-05-11 00:43:59');
INSERT INTO session_table (user_id, connected_at) VALUES (49, '2023-04-19 04:19:19');
INSERT INTO session_table (user_id, connected_at) VALUES (22, '2023-06-24 05:45:46');
INSERT INTO session_table (user_id, connected_at) VALUES (23, '2023-06-28 21:02:56');
INSERT INTO session_table (user_id, connected_at) VALUES (69, '2023-06-09 01:58:15');
INSERT INTO session_table (user_id, connected_at) VALUES (93, '2023-02-17 18:23:59');
INSERT INTO session_table (user_id, connected_at) VALUES (22, '2023-06-02 12:37:16');
INSERT INTO session_table (user_id, connected_at) VALUES (82, '2023-05-04 17:21:30');
INSERT INTO session_table (user_id, connected_at) VALUES (25, '2023-04-27 08:08:17');
INSERT INTO session_table (user_id, connected_at) VALUES (82, '2023-06-15 16:16:37');
INSERT INTO session_table (user_id, connected_at) VALUES (76, '2023-06-02 15:19:48');
INSERT INTO session_table (user_id, connected_at) VALUES (87, '2023-04-06 23:57:19');
INSERT INTO session_table (user_id, connected_at) VALUES (59, '2023-05-04 04:46:25');
INSERT INTO session_table (user_id, connected_at) VALUES (67, '2023-04-12 13:33:01');
INSERT INTO session_table (user_id, connected_at) VALUES (6, '2023-06-06 14:56:45');
INSERT INTO session_table (user_id, connected_at) VALUES (54, '2023-06-02 02:03:41');
INSERT INTO session_table (user_id, connected_at) VALUES (42, '2023-05-07 09:59:36');
INSERT INTO session_table (user_id, connected_at) VALUES (46, '2023-01-16 12:14:24');
INSERT INTO session_table (user_id, connected_at) VALUES (1, '2023-06-28 08:07:05');
INSERT INTO session_table (user_id, connected_at) VALUES (28, '2023-02-22 01:29:45');
INSERT INTO session_table (user_id, connected_at) VALUES (87, '2023-06-06 05:25:52');
INSERT INTO session_table (user_id, connected_at) VALUES (75, '2023-05-04 18:07:41');
INSERT INTO session_table (user_id, connected_at) VALUES (42, '2023-03-25 08:05:06');
INSERT INTO session_table (user_id, connected_at) VALUES (3, '2023-06-26 09:49:24');
INSERT INTO session_table (user_id, connected_at) VALUES (55, '2023-06-29 09:01:09');
INSERT INTO session_table (user_id, connected_at) VALUES (76, '2023-03-16 12:38:29');
INSERT INTO session_table (user_id, connected_at) VALUES (66, '2023-06-07 22:40:44');
INSERT INTO session_table (user_id, connected_at) VALUES (26, '2023-02-07 23:51:37');
INSERT INTO session_table (user_id, connected_at) VALUES (72, '2023-03-24 01:29:38');
INSERT INTO session_table (user_id, connected_at) VALUES (25, '2023-05-23 12:35:58');
INSERT INTO session_table (user_id, connected_at) VALUES (65, '2023-06-20 16:27:04');
INSERT INTO session_table (user_id, connected_at) VALUES (91, '2023-04-18 08:58:33');
INSERT INTO session_table (user_id, connected_at) VALUES (13, '2023-04-12 15:47:06');
INSERT INTO session_table (user_id, connected_at) VALUES (35, '2023-06-13 13:49:04');
INSERT INTO session_table (user_id, connected_at) VALUES (42, '2023-04-03 04:42:55');
INSERT INTO session_table (user_id, connected_at) VALUES (7, '2023-05-22 09:21:14');
INSERT INTO session_table (user_id, connected_at) VALUES (16, '2023-03-14 17:00:20');
INSERT INTO session_table (user_id, connected_at) VALUES (78, '2023-06-23 07:16:37');
INSERT INTO session_table (user_id, connected_at) VALUES (51, '2023-06-24 23:08:31');
INSERT INTO session_table (user_id, connected_at) VALUES (76, '2023-04-18 22:11:58');
INSERT INTO session_table (user_id, connected_at) VALUES (55, '2023-06-25 22:38:54');
INSERT INTO session_table (user_id, connected_at) VALUES (11, '2023-01-31 03:38:36');
INSERT INTO session_table (user_id, connected_at) VALUES (46, '2023-01-26 07:50:20');
INSERT INTO session_table (user_id, connected_at) VALUES (18, '2023-06-13 21:55:55');
INSERT INTO session_table (user_id, connected_at) VALUES (17, '2023-01-12 19:53:21');
INSERT INTO session_table (user_id, connected_at) VALUES (26, '2023-03-28 14:31:44');
INSERT INTO session_table (user_id, connected_at) VALUES (33, '2023-04-01 12:38:32');
INSERT INTO session_table (user_id, connected_at) VALUES (61, '2023-04-09 04:14:57');
INSERT INTO session_table (user_id, connected_at) VALUES (37, '2023-02-28 01:43:51');
INSERT INTO session_table (user_id, connected_at) VALUES (18, '2023-06-14 01:59:06');
INSERT INTO session_table (user_id, connected_at) VALUES (26, '2023-04-12 18:17:31');
INSERT INTO session_table (user_id, connected_at) VALUES (35, '2023-05-31 17:28:21');
INSERT INTO session_table (user_id, connected_at) VALUES (33, '2023-02-16 15:34:26');
INSERT INTO session_table (user_id, connected_at) VALUES (52, '2023-06-16 20:51:32');
INSERT INTO session_table (user_id, connected_at) VALUES (74, '2023-06-08 19:33:13');
INSERT INTO session_table (user_id, connected_at) VALUES (15, '2023-06-25 12:51:55');
INSERT INTO session_table (user_id, connected_at) VALUES (86, '2023-06-15 21:25:20');
INSERT INTO session_table (user_id, connected_at) VALUES (22, '2023-05-31 04:25:22');
INSERT INTO session_table (user_id, connected_at) VALUES (8, '2023-06-10 10:14:30');
INSERT INTO session_table (user_id, connected_at) VALUES (4, '2023-06-15 11:19:35');
INSERT INTO session_table (user_id, connected_at) VALUES (4, '2023-05-17 22:16:02');
INSERT INTO session_table (user_id, connected_at) VALUES (93, '2023-04-23 11:54:47');
INSERT INTO session_table (user_id, connected_at) VALUES (21, '2023-05-21 19:56:37');
INSERT INTO session_table (user_id, connected_at) VALUES (63, '2023-06-28 19:36:18');
INSERT INTO session_table (user_id, connected_at) VALUES (37, '2023-05-06 06:20:27');
INSERT INTO session_table (user_id, connected_at) VALUES (41, '2023-05-26 17:08:32');
INSERT INTO session_table (user_id, connected_at) VALUES (22, '2023-06-06 17:12:58');
INSERT INTO session_table (user_id, connected_at) VALUES (3, '2023-04-13 12:06:13');
INSERT INTO session_table (user_id, connected_at) VALUES (88, '2023-05-16 04:51:52');
INSERT INTO session_table (user_id, connected_at) VALUES (73, '2023-04-14 10:57:29');
INSERT INTO session_table (user_id, connected_at) VALUES (42, '2023-06-20 21:16:22');
INSERT INTO session_table (user_id, connected_at) VALUES (63, '2023-04-12 15:55:15');
INSERT INTO session_table (user_id, connected_at) VALUES (17, '2023-05-07 03:36:52');
INSERT INTO session_table (user_id, connected_at) VALUES (20, '2023-05-08 09:42:55');
INSERT INTO session_table (user_id, connected_at) VALUES (11, '2023-02-28 14:55:13');
INSERT INTO session_table (user_id, connected_at) VALUES (26, '2023-04-21 09:11:49');
INSERT INTO session_table (user_id, connected_at) VALUES (38, '2023-06-13 05:56:20');
INSERT INTO session_table (user_id, connected_at) VALUES (36, '2023-06-08 16:26:28');
INSERT INTO session_table (user_id, connected_at) VALUES (15, '2023-04-25 10:59:12');
INSERT INTO session_table (user_id, connected_at) VALUES (32, '2023-05-08 21:42:21');
INSERT INTO session_table (user_id, connected_at) VALUES (7, '2023-04-29 22:58:01');
INSERT INTO session_table (user_id, connected_at) VALUES (28, '2023-03-19 00:59:58');
INSERT INTO session_table (user_id, connected_at) VALUES (29, '2023-01-10 14:44:30');
INSERT INTO session_table (user_id, connected_at) VALUES (52, '2023-05-21 17:14:15');
INSERT INTO session_table (user_id, connected_at) VALUES (29, '2023-05-17 10:15:13');
INSERT INTO session_table (user_id, connected_at) VALUES (81, '2023-05-29 11:29:40');
INSERT INTO session_table (user_id, connected_at) VALUES (68, '2023-04-11 17:04:16');
INSERT INTO session_table (user_id, connected_at) VALUES (88, '2023-05-03 14:09:04');
INSERT INTO session_table (user_id, connected_at) VALUES (10, '2023-06-10 12:29:22');
INSERT INTO session_table (user_id, connected_at) VALUES (96, '2023-05-27 16:30:52');
INSERT INTO session_table (user_id, connected_at) VALUES (12, '2023-03-03 15:38:18');
INSERT INTO session_table (user_id, connected_at) VALUES (37, '2023-03-02 05:24:06');
INSERT INTO session_table (user_id, connected_at) VALUES (89, '2023-04-27 08:07:30');
INSERT INTO session_table (user_id, connected_at) VALUES (78, '2023-06-26 14:38:32');
INSERT INTO session_table (user_id, connected_at) VALUES (47, '2023-06-29 18:53:22');
INSERT INTO session_table (user_id, connected_at) VALUES (14, '2023-03-17 11:47:22');
INSERT INTO session_table (user_id, connected_at) VALUES (91, '2023-04-02 09:54:47');
INSERT INTO session_table (user_id, connected_at) VALUES (79, '2023-06-02 11:34:13');
INSERT INTO session_table (user_id, connected_at) VALUES (95, '2023-06-17 07:58:04');
INSERT INTO session_table (user_id, connected_at) VALUES (18, '2023-06-19 04:54:08');
INSERT INTO session_table (user_id, connected_at) VALUES (10, '2023-06-10 15:37:57');
INSERT INTO session_table (user_id, connected_at) VALUES (39, '2023-06-08 18:58:28');
INSERT INTO session_table (user_id, connected_at) VALUES (96, '2023-04-15 09:58:08');
INSERT INTO session_table (user_id, connected_at) VALUES (78, '2023-06-29 01:02:40');
INSERT INTO session_table (user_id, connected_at) VALUES (1, '2023-06-27 23:16:27');
INSERT INTO session_table (user_id, connected_at) VALUES (59, '2023-05-13 15:18:03');
INSERT INTO session_table (user_id, connected_at) VALUES (64, '2023-05-26 23:38:32');
INSERT INTO session_table (user_id, connected_at) VALUES (74, '2023-06-16 14:33:06');
INSERT INTO session_table (user_id, connected_at) VALUES (48, '2023-03-28 19:56:05');
INSERT INTO session_table (user_id, connected_at) VALUES (39, '2023-06-23 13:11:31');
INSERT INTO session_table (user_id, connected_at) VALUES (61, '2023-02-15 14:08:59');
INSERT INTO session_table (user_id, connected_at) VALUES (23, '2023-06-21 09:39:27');
INSERT INTO session_table (user_id, connected_at) VALUES (48, '2023-03-16 04:02:04');
INSERT INTO session_table (user_id, connected_at) VALUES (7, '2023-03-24 04:22:57');
INSERT INTO session_table (user_id, connected_at) VALUES (73, '2023-05-11 17:48:24');
INSERT INTO session_table (user_id, connected_at) VALUES (3, '2023-05-18 09:58:11');
INSERT INTO session_table (user_id, connected_at) VALUES (38, '2023-06-11 00:21:57');
INSERT INTO session_table (user_id, connected_at) VALUES (53, '2023-06-28 06:26:58');
INSERT INTO session_table (user_id, connected_at) VALUES (52, '2023-06-06 13:23:55');
INSERT INTO session_table (user_id, connected_at) VALUES (90, '2023-05-05 16:09:04');
INSERT INTO session_table (user_id, connected_at) VALUES (79, '2023-06-25 07:10:57');
INSERT INTO session_table (user_id, connected_at) VALUES (44, '2023-06-18 14:19:37');
INSERT INTO session_table (user_id, connected_at) VALUES (28, '2023-06-18 09:59:41');
INSERT INTO session_table (user_id, connected_at) VALUES (37, '2023-04-09 04:10:47');
INSERT INTO session_table (user_id, connected_at) VALUES (21, '2023-06-18 19:53:02');
