INSERT INTO user_table (firstname, lastname, email, username, password, created_at) VALUES ('Curtis', 'Delacruz', 'xtaylor@example.net', 'lance05', '^11sW@gF#3', '2023-02-13 21:26:41');
INSERT INTO user_table (firstname, lastname, email, username, password, created_at) VALUES ('Laurie', 'Williams', 'matthewcosta@example.net', 'jonesnicole', 'SCWBByen(2', '2023-05-10 21:30:41');
INSERT INTO user_table (firstname, lastname, email, username, password, created_at) VALUES ('Brandon', 'Cook', 'michael38@example.net', 'moranchristine', '5fqaTmSq(B', '2023-04-03 02:03:39');
INSERT INTO user_table (firstname, lastname, email, username, password, created_at) VALUES ('Sandra', 'Martin', 'powersanne@example.net', 'kevin51', '!+8W&nM$in', '2023-04-28 01:15:12');
INSERT INTO user_table (firstname, lastname, email, username, password, created_at) VALUES ('John', 'Moore', 'cassiejones@example.com', 'cunninghamdaniel', '+SqInZci2p', '2023-05-07 01:34:43');
INSERT INTO user_table (firstname, lastname, email, username, password, created_at) VALUES ('Katherine', 'Moreno', 'karenjohnson@example.net', 'bridgeswilliam', 'XA9TUj0jp!', '2023-02-11 10:24:54');
INSERT INTO user_table (firstname, lastname, email, username, password, created_at) VALUES ('Robin', 'Lopez', 'diana85@example.org', 'nicolehenderson', '$JO$Zmreb4', '2023-02-05 14:54:39');
INSERT INTO user_table (firstname, lastname, email, username, password, created_at) VALUES ('Jeffrey', 'Jones', 'micheal71@example.com', 'osutton', '$qD(MkZt+5', '2023-01-21 01:12:36');
INSERT INTO user_table (firstname, lastname, email, username, password, created_at) VALUES ('Ralph', 'Brown', 'flam@example.com', 'uedwards', '_9TqY7gvqh', '2023-01-03 20:18:34');
INSERT INTO user_table (firstname, lastname, email, username, password, created_at) VALUES ('Krista', 'Davidson', 'michaelmartinez@example.net', 'brooke37', 'Hys7Ovjz%m', '2023-03-16 22:49:03');
INSERT INTO user_table (firstname, lastname, email, username, password, created_at) VALUES ('Melissa', 'Moore', 'johnlong@example.org', 'perkinstyler', 'gHMh@qNg#0', '2023-04-17 01:40:20');
INSERT INTO user_table (firstname, lastname, email, username, password, created_at) VALUES ('Tracy', 'Thomas', 'alexander80@example.com', 'christopherlutz', '5G&+2BqjQC', '2023-04-23 00:12:10');
INSERT INTO user_table (firstname, lastname, email, username, password, created_at) VALUES ('Brandon', 'Riggs', 'guy98@example.com', 'zayala', 'X&$8YW+jrr', '2023-01-19 11:03:22');
INSERT INTO user_table (firstname, lastname, email, username, password, created_at) VALUES ('Ruth', 'May', 'sduncan@example.org', 'jessicabarnes', 'Vio28XnA$%', '2023-05-07 07:48:46');
INSERT INTO user_table (firstname, lastname, email, username, password, created_at) VALUES ('Teresa', 'White', 'michael40@example.org', 'lewishayley', 'vv^ZJGwC^9', '2023-03-10 10:32:54');
INSERT INTO user_table (firstname, lastname, email, username, password, created_at) VALUES ('Jessica', 'Duncan', 'damondrake@example.net', 'duncanchristopher', '$576ODXjpp', '2023-01-28 12:49:23');
INSERT INTO user_table (firstname, lastname, email, username, password, created_at) VALUES ('Nicole', 'Gibson', 'james01@example.com', 'zdillon', '8a71HLLYg(', '2023-02-27 19:13:49');
INSERT INTO user_table (firstname, lastname, email, username, password, created_at) VALUES ('Thomas', 'Miller', 'vwilliams@example.net', 'xaguirre', '5dHmrgP%(B', '2023-03-31 19:56:29');
INSERT INTO user_table (firstname, lastname, email, username, password, created_at) VALUES ('Joseph', 'Russell', 'jonesryan@example.com', 'brent35', 'e(_8l6Hk#R', '2023-04-07 19:53:21');
INSERT INTO user_table (firstname, lastname, email, username, password, created_at) VALUES ('Joseph', 'Daniels', 'gilbertlinda@example.net', 'crawfordanthony', 'oEJ8Ab!V_*', '2023-01-05 00:36:26');
INSERT INTO user_table (firstname, lastname, email, username, password, created_at) VALUES ('Scott', 'Rios', 'tracey19@example.com', 'danaschneider', '^G7aVF7cKR', '2023-05-27 03:59:05');
INSERT INTO user_table (firstname, lastname, email, username, password, created_at) VALUES ('Michael', 'Copeland', 'zgreen@example.com', 'ustewart', 'Q*@2XInykv', '2023-06-08 11:33:22');
INSERT INTO user_table (firstname, lastname, email, username, password, created_at) VALUES ('Susan', 'Ortiz', 'ofisher@example.net', 'benjamin11', '^8p&OyQx_K', '2023-05-21 12:00:49');
INSERT INTO user_table (firstname, lastname, email, username, password, created_at) VALUES ('Megan', 'Gonzales', 'jonroberts@example.net', 'reginajohnson', 'lJ9flRai@O', '2023-01-24 21:18:56');
INSERT INTO user_table (firstname, lastname, email, username, password, created_at) VALUES ('Alicia', 'Bailey', 'jenniferrollins@example.net', 'jacobsonvictoria', '!9NjgWRZu)', '2023-06-19 14:37:18');
INSERT INTO user_table (firstname, lastname, email, username, password, created_at) VALUES ('Lawrence', 'Taylor', 'ywilson@example.net', 'thompsonjennifer', 's!H5mRs9x*', '2023-03-14 10:01:42');
INSERT INTO user_table (firstname, lastname, email, username, password, created_at) VALUES ('Tina', 'Watson', 'allison59@example.org', 'william01', 'D5WfM!gR%q', '2023-01-28 12:05:50');
INSERT INTO user_table (firstname, lastname, email, username, password, created_at) VALUES ('Lauren', 'Martinez', 'fdavenport@example.com', 'christensentyler', '*%TbfBcN41', '2023-01-21 13:45:20');
INSERT INTO user_table (firstname, lastname, email, username, password, created_at) VALUES ('Gerald', 'Franco', 'jocelyngarcia@example.com', 'shaun86', ')4MRUyk&w$', '2023-06-01 05:35:40');
INSERT INTO user_table (firstname, lastname, email, username, password, created_at) VALUES ('Valerie', 'York', 'vsmall@example.com', 'harmonjoel', 'MXd5HlB5)^', '2023-03-28 13:15:04');
INSERT INTO user_table (firstname, lastname, email, username, password, created_at) VALUES ('William', 'Dunn', 'everettrachel@example.net', 'raymond80', '@$1kG_kwaE', '2023-03-18 08:54:43');
INSERT INTO user_table (firstname, lastname, email, username, password, created_at) VALUES ('Jennifer', 'Montes', 'dwood@example.com', 'garymcclain', '*18#Bnn^+O', '2023-04-17 05:32:29');
INSERT INTO user_table (firstname, lastname, email, username, password, created_at) VALUES ('Christina', 'Edwards', 'zjohnson@example.com', 'hortondeborah', 'E9Uyqwb2!U', '2023-04-12 18:49:31');
INSERT INTO user_table (firstname, lastname, email, username, password, created_at) VALUES ('Thomas', 'Miller', 'wendy13@example.org', 'jamescantu', '+LX5qOOlY0', '2023-03-26 22:10:40');
INSERT INTO user_table (firstname, lastname, email, username, password, created_at) VALUES ('Randall', 'Simmons', 'thompsonkristen@example.com', 'osharp', '(1nADg7q*w', '2023-03-10 10:53:51');
INSERT INTO user_table (firstname, lastname, email, username, password, created_at) VALUES ('Amy', 'Wood', 'philipchristensen@example.com', 'zwhitehead', '8zzsKLuZ#m', '2023-05-17 15:35:34');
INSERT INTO user_table (firstname, lastname, email, username, password, created_at) VALUES ('Annette', 'Flynn', 'yoderrobert@example.org', 'opoole', '6@5XZsomeJ', '2023-01-31 13:56:26');
INSERT INTO user_table (firstname, lastname, email, username, password, created_at) VALUES ('Scott', 'Clark', 'johnny87@example.org', 'jenny91', '2qohUV!o%h', '2023-02-21 22:29:06');
INSERT INTO user_table (firstname, lastname, email, username, password, created_at) VALUES ('Stephen', 'Graham', 'hamiltonkaren@example.net', 'rachelalexander', '(*7Z)rtHBY', '2023-03-19 08:25:54');
INSERT INTO user_table (firstname, lastname, email, username, password, created_at) VALUES ('April', 'Long', 'davisdonna@example.net', 'longmicheal', '*50TKHov^K', '2023-04-21 07:28:55');
INSERT INTO user_table (firstname, lastname, email, username, password, created_at) VALUES ('Brian', 'Ramos', 'cherylmoore@example.com', 'john35', '*xbMEUf)v6', '2023-04-09 21:17:10');
INSERT INTO user_table (firstname, lastname, email, username, password, created_at) VALUES ('Austin', 'Barajas', 'donald43@example.org', 'iwatson', 'Np8$3CvZGT', '2023-02-14 22:12:26');
INSERT INTO user_table (firstname, lastname, email, username, password, created_at) VALUES ('Eric', 'Vincent', 'muellerdawn@example.com', 'bryan43', '$7oT5PzGYt', '2023-06-05 16:12:03');
INSERT INTO user_table (firstname, lastname, email, username, password, created_at) VALUES ('Steven', 'Grant', 'robertlopez@example.com', 'rhansen', 'KO05$AAw!_', '2023-02-15 21:01:13');
INSERT INTO user_table (firstname, lastname, email, username, password, created_at) VALUES ('Charles', 'Campos', 'smithmartha@example.org', 'brandyingram', 'd^u+1NIcc6', '2023-05-02 13:17:38');
INSERT INTO user_table (firstname, lastname, email, username, password, created_at) VALUES ('Teresa', 'Willis', 'terickson@example.org', 'thogan', 'L*U*1RyYkI', '2023-01-03 05:30:19');
INSERT INTO user_table (firstname, lastname, email, username, password, created_at) VALUES ('James', 'Morris', 'sgreen@example.com', 'brittany31', '(4LIsRSRvT', '2023-02-17 02:22:58');
INSERT INTO user_table (firstname, lastname, email, username, password, created_at) VALUES ('James', 'Durham', 'richmondsydney@example.com', 'hernandezchris', '&y8uVDtr74', '2023-06-23 08:45:35');
INSERT INTO user_table (firstname, lastname, email, username, password, created_at) VALUES ('Mario', 'Phillips', 'patriciaparker@example.com', 'alexanderjackson', '_nNR$IaV37', '2023-05-22 12:02:56');
INSERT INTO user_table (firstname, lastname, email, username, password, created_at) VALUES ('Juan', 'Davenport', 'gregory59@example.net', 'danajohnson', 'dA26EX3h))', '2023-02-24 23:11:09');
INSERT INTO user_table (firstname, lastname, email, username, password, created_at) VALUES ('Vickie', 'Deleon', 'ryan67@example.com', 'jessicawatson', '_6yMGdu&_j', '2023-02-26 11:11:32');
INSERT INTO user_table (firstname, lastname, email, username, password, created_at) VALUES ('Lisa', 'Lopez', 'angela37@example.com', 'webbamanda', '+@&XQ9RyLW', '2023-01-03 16:10:21');
INSERT INTO user_table (firstname, lastname, email, username, password, created_at) VALUES ('Courtney', 'Allen', 'ochavez@example.com', 'jmarks', 'n#OO2su&OO', '2023-02-27 10:00:35');
INSERT INTO user_table (firstname, lastname, email, username, password, created_at) VALUES ('Chase', 'Woods', 'jonesleah@example.org', 'campbellgabrielle', '0P+93rOdsV', '2023-06-27 19:26:59');
INSERT INTO user_table (firstname, lastname, email, username, password, created_at) VALUES ('Aaron', 'Pearson', 'eryan@example.com', 'dwilliams', '^&8PT_UuCw', '2023-03-19 11:03:40');
INSERT INTO user_table (firstname, lastname, email, username, password, created_at) VALUES ('Christopher', 'Russell', 'monicagates@example.org', 'tarabrooks', '678Oqgc9_D', '2023-06-11 19:00:38');
INSERT INTO user_table (firstname, lastname, email, username, password, created_at) VALUES ('Christopher', 'Jones', 'barbarahull@example.net', 'rose14', '^8ILwAbyI9', '2023-06-03 19:37:17');
INSERT INTO user_table (firstname, lastname, email, username, password, created_at) VALUES ('Christina', 'Hall', 'kreyes@example.com', 'emilyjones', '0%S7UNlu%1', '2023-02-17 08:35:39');
INSERT INTO user_table (firstname, lastname, email, username, password, created_at) VALUES ('Joshua', 'Richardson', 'xfowler@example.org', 'dakotagarcia', '^2MRMrK7t2', '2023-06-27 05:04:07');
INSERT INTO user_table (firstname, lastname, email, username, password, created_at) VALUES ('Victor', 'Grant', 'millerapril@example.com', 'perryjames', '#$4E%jSc_W', '2023-02-08 00:40:35');
INSERT INTO user_table (firstname, lastname, email, username, password, created_at) VALUES ('Cathy', 'Gray', 'deckerantonio@example.org', 'pburns', '79_Yh8zs!F', '2023-01-30 01:45:50');
INSERT INTO user_table (firstname, lastname, email, username, password, created_at) VALUES ('Rebecca', 'Calderon', 'reedjason@example.net', 'virginia45', '_3&V6lUoZn', '2023-05-14 20:30:58');
INSERT INTO user_table (firstname, lastname, email, username, password, created_at) VALUES ('Joy', 'Madden', 'ortegamarie@example.com', 'alexanderrobert', '+mA1I5Jy#a', '2023-01-29 22:21:31');
INSERT INTO user_table (firstname, lastname, email, username, password, created_at) VALUES ('Benjamin', 'Parker', 'christopher60@example.com', 'qmiller', 'b@I1QsC#X%', '2023-06-11 10:37:10');
INSERT INTO user_table (firstname, lastname, email, username, password, created_at) VALUES ('Mike', 'Sloan', 'msmith@example.com', 'brian08', '*gi6GfXWD0', '2023-06-26 17:55:55');
INSERT INTO user_table (firstname, lastname, email, username, password, created_at) VALUES ('Kevin', 'Morrow', 'drewmack@example.net', 'breannaroman', 'R%YH8YNcxo', '2023-05-19 04:46:33');
INSERT INTO user_table (firstname, lastname, email, username, password, created_at) VALUES ('Shawn', 'Jackson', 'tina38@example.net', 'michael56', '@l@5HC1rPF', '2023-04-28 23:57:03');
INSERT INTO user_table (firstname, lastname, email, username, password, created_at) VALUES ('Benjamin', 'Gonzales', 'andrewmyers@example.net', 'traviscampbell', '_aVPr(aQ0S', '2023-05-21 10:10:44');
INSERT INTO user_table (firstname, lastname, email, username, password, created_at) VALUES ('Kayla', 'Gentry', 'finleylisa@example.net', 'dawn16', '(Kv7^0Jx2&', '2023-05-22 11:45:32');
INSERT INTO user_table (firstname, lastname, email, username, password, created_at) VALUES ('Catherine', 'Arnold', 'roy63@example.com', 'webbjohn', 'a1fJYSkb^w', '2023-05-14 18:56:17');
INSERT INTO user_table (firstname, lastname, email, username, password, created_at) VALUES ('Wesley', 'Rivera', 'ndavis@example.org', 'scottmurphy', '#4Z2%I(gm0', '2023-03-16 05:28:39');
INSERT INTO user_table (firstname, lastname, email, username, password, created_at) VALUES ('Clinton', 'Rodriguez', 'eatonnathan@example.com', 'jacqueline94', '#%E%7gXkph', '2023-05-27 22:13:58');
INSERT INTO user_table (firstname, lastname, email, username, password, created_at) VALUES ('Jeffrey', 'Clark', 'juanwhitney@example.com', 'emiller', '(0vksGzDg6', '2023-06-09 23:03:46');
INSERT INTO user_table (firstname, lastname, email, username, password, created_at) VALUES ('Martin', 'Bryant', 'eddieunderwood@example.org', 'amandablake', '7X8YRocz^W', '2023-06-04 06:16:59');
INSERT INTO user_table (firstname, lastname, email, username, password, created_at) VALUES ('Stacy', 'Fitzgerald', 'davidbates@example.net', 'jacob40', '0jt*rVAR_j', '2023-04-14 12:58:11');
INSERT INTO user_table (firstname, lastname, email, username, password, created_at) VALUES ('Mark', 'King', 'murphymariah@example.net', 'matthew48', 'l93d1VYt@1', '2023-04-08 00:29:09');
INSERT INTO user_table (firstname, lastname, email, username, password, created_at) VALUES ('Justin', 'Chapman', 'sandraarmstrong@example.com', 'canderson', '#+9KnXy3ij', '2023-05-18 20:56:37');
INSERT INTO user_table (firstname, lastname, email, username, password, created_at) VALUES ('Kelly', 'Becker', 'allenjaime@example.com', 'crystaldelgado', 'kli0B6Zy+Q', '2023-04-30 15:37:04');
INSERT INTO user_table (firstname, lastname, email, username, password, created_at) VALUES ('Christopher', 'Hubbard', 'ryan49@example.org', 'qscott', '*&2CyHsBg%', '2023-02-10 13:40:39');
INSERT INTO user_table (firstname, lastname, email, username, password, created_at) VALUES ('Kimberly', 'Floyd', 'lisa16@example.net', 'melissa81', 'I0Q%sHEZ+y', '2023-01-30 04:57:04');
INSERT INTO user_table (firstname, lastname, email, username, password, created_at) VALUES ('Jose', 'Ortiz', 'gkeller@example.net', 'valenciaashley', '6)3R78Wvv(', '2023-06-27 03:27:06');
INSERT INTO user_table (firstname, lastname, email, username, password, created_at) VALUES ('Zachary', 'Olson', 'csavage@example.org', 'kelly11', 'nrBqr8Ls^8', '2023-03-18 05:55:40');
INSERT INTO user_table (firstname, lastname, email, username, password, created_at) VALUES ('William', 'Ortiz', 'heather94@example.org', 'atkinsderek', 'C%6F1ryAs^', '2023-02-09 14:35:24');
INSERT INTO user_table (firstname, lastname, email, username, password, created_at) VALUES ('Megan', 'Jensen', 'craigangela@example.org', 'qbaldwin', 'duHe24F&#0', '2023-04-10 05:47:23');
INSERT INTO user_table (firstname, lastname, email, username, password, created_at) VALUES ('Eugene', 'Perry', 'carterdavid@example.net', 'sonyajohnson', 'TSFCV1jb!*', '2023-05-16 00:01:37');
INSERT INTO user_table (firstname, lastname, email, username, password, created_at) VALUES ('Justin', 'Williams', 'mathewbridges@example.com', 'hamiltonmaria', '#M83#)DmP#', '2023-05-12 23:28:29');
INSERT INTO user_table (firstname, lastname, email, username, password, created_at) VALUES ('Brittany', 'Brooks', 'hughesshannon@example.org', 'richardgolden', 'Jq_1tCegYh', '2023-03-13 10:15:02');
INSERT INTO user_table (firstname, lastname, email, username, password, created_at) VALUES ('Denise', 'Stark', 'greenbrian@example.com', 'williampowell', '#4J3HucI+3', '2023-03-05 23:49:55');
INSERT INTO user_table (firstname, lastname, email, username, password, created_at) VALUES ('Anthony', 'Carney', 'rosegarrett@example.net', 'jamesgrant', '8^3iEs(Mld', '2023-02-09 22:52:28');
INSERT INTO user_table (firstname, lastname, email, username, password, created_at) VALUES ('Amanda', 'Jones', 'davidhess@example.com', 'smithkaren', 'Je4CHeu*9&', '2023-01-27 18:04:39');
INSERT INTO user_table (firstname, lastname, email, username, password, created_at) VALUES ('Andrew', 'Jackson', 'kmeyer@example.org', 'icoleman', 'O7^Ob0HoKK', '2023-03-25 06:53:23');
INSERT INTO user_table (firstname, lastname, email, username, password, created_at) VALUES ('Krista', 'Hood', 'suarezkevin@example.com', 'raymond75', '_Mav+Dxot2', '2023-03-12 16:05:11');
INSERT INTO user_table (firstname, lastname, email, username, password, created_at) VALUES ('Kelly', 'Evans', 'carlosthompson@example.net', 'olsontamara', 'h@y31SHgcr', '2023-01-11 23:03:51');
INSERT INTO user_table (firstname, lastname, email, username, password, created_at) VALUES ('Ronald', 'Hoffman', 'zortiz@example.com', 'dking', 'm0OdrUdZ)C', '2023-06-06 03:47:22');
INSERT INTO user_table (firstname, lastname, email, username, password, created_at) VALUES ('Michael', 'Smith', 'fmitchell@example.com', 'megansalazar', '_hgLAWtt9t', '2023-02-17 20:23:03');
INSERT INTO user_table (firstname, lastname, email, username, password, created_at) VALUES ('Kevin', 'Hernandez', 'thomasflores@example.org', 'bairdjudy', '5hTsUzs3)1', '2023-06-26 02:15:08');
INSERT INTO user_table (firstname, lastname, email, username, password, created_at) VALUES ('Kristi', 'Boyle', 'yschneider@example.com', 'opham', 'e!@WimKbk8', '2023-06-20 12:22:10');
INSERT INTO user_table (firstname, lastname, email, username, password, created_at) VALUES ('Joshua', 'Steele', 'valeriestevenson@example.org', 'jamesneal', '(2%2PzXnym', '2023-02-05 14:11:20');
INSERT INTO user_table (firstname, lastname, email, username, password, created_at) VALUES ('Karen', 'Schmidt', 'rosalesjason@example.net', 'emily55', 'i%4SJjNo@c', '2023-04-06 10:23:50');
INSERT INTO user_table (firstname, lastname, email, username, password, created_at) VALUES ('Nicole', 'Ayala', 'ericclements@example.com', 'willisrobert', '8F+4@Bx)%j', '2023-04-13 18:47:30');
INSERT INTO user_email_verification_table (user_id, verified_at) VALUES (1, '2023-06-29 00:27:22');
INSERT INTO user_email_verification_table (user_id, verified_at) VALUES (2, '2023-05-12 05:46:25');
INSERT INTO user_email_verification_table (user_id, verified_at) VALUES (3, '2023-04-26 08:33:52');
INSERT INTO user_email_verification_table (user_id, verified_at) VALUES (4, '2023-06-04 01:04:24');
INSERT INTO user_email_verification_table (user_id, verified_at) VALUES (5, '2023-05-28 17:29:10');
INSERT INTO user_email_verification_table (user_id, verified_at) VALUES (6, '2023-02-27 01:55:36');
INSERT INTO user_email_verification_table (user_id, verified_at) VALUES (7, '2023-05-10 05:54:15');
INSERT INTO user_email_verification_table (user_id, verified_at) VALUES (8, '2023-06-25 02:00:10');
INSERT INTO user_email_verification_table (user_id, verified_at) VALUES (9, '2023-06-28 17:18:28');
INSERT INTO user_email_verification_table (user_id, verified_at) VALUES (10, '2023-03-23 05:36:21');
INSERT INTO user_email_verification_table (user_id, verified_at) VALUES (11, '2023-06-22 10:20:50');
INSERT INTO user_email_verification_table (user_id, verified_at) VALUES (12, '2023-04-26 23:14:31');
INSERT INTO user_email_verification_table (user_id, verified_at) VALUES (13, '2023-06-23 18:38:41');
INSERT INTO user_email_verification_table (user_id, verified_at) VALUES (14, '2023-06-17 11:18:55');
INSERT INTO user_email_verification_table (user_id, verified_at) VALUES (15, '2023-06-12 02:34:00');
INSERT INTO user_email_verification_table (user_id, verified_at) VALUES (16, '2023-06-10 13:09:12');
INSERT INTO user_email_verification_table (user_id, verified_at) VALUES (17, '2023-04-11 16:18:24');
INSERT INTO user_email_verification_table (user_id, verified_at) VALUES (18, '2023-05-27 00:02:02');
INSERT INTO user_email_verification_table (user_id, verified_at) VALUES (19, '2023-06-16 02:43:35');
INSERT INTO user_email_verification_table (user_id, verified_at) VALUES (20, '2023-04-13 04:09:09');
INSERT INTO user_email_verification_table (user_id, verified_at) VALUES (21, '2023-06-22 01:12:44');
INSERT INTO user_email_verification_table (user_id, verified_at) VALUES (22, '2023-06-08 22:02:43');
INSERT INTO user_email_verification_table (user_id, verified_at) VALUES (23, '2023-06-26 07:57:02');
INSERT INTO user_email_verification_table (user_id, verified_at) VALUES (24, '2023-04-14 11:21:34');
INSERT INTO user_email_verification_table (user_id, verified_at) VALUES (25, '2023-06-20 11:49:55');
INSERT INTO user_email_verification_table (user_id, verified_at) VALUES (26, '2023-04-25 02:19:06');
INSERT INTO user_email_verification_table (user_id, verified_at) VALUES (27, '2023-02-22 21:57:01');
INSERT INTO user_email_verification_table (user_id, verified_at) VALUES (28, '2023-06-22 19:06:12');
INSERT INTO user_email_verification_table (user_id, verified_at) VALUES (29, '2023-06-02 16:45:00');
INSERT INTO user_email_verification_table (user_id, verified_at) VALUES (30, '2023-06-01 22:26:06');
INSERT INTO user_email_verification_table (user_id, verified_at) VALUES (31, '2023-04-03 04:04:02');
INSERT INTO user_email_verification_table (user_id, verified_at) VALUES (32, '2023-05-06 17:38:48');
INSERT INTO user_email_verification_table (user_id, verified_at) VALUES (33, '2023-04-16 00:41:51');
INSERT INTO user_email_verification_table (user_id, verified_at) VALUES (34, '2023-06-13 17:04:12');
INSERT INTO user_email_verification_table (user_id, verified_at) VALUES (35, '2023-04-19 08:41:33');
INSERT INTO user_email_verification_table (user_id, verified_at) VALUES (36, '2023-06-27 16:57:35');
INSERT INTO user_email_verification_table (user_id, verified_at) VALUES (37, '2023-05-14 11:57:38');
INSERT INTO user_email_verification_table (user_id, verified_at) VALUES (38, '2023-03-30 18:04:24');
INSERT INTO user_email_verification_table (user_id, verified_at) VALUES (39, '2023-05-09 15:29:35');
INSERT INTO user_email_verification_table (user_id, verified_at) VALUES (40, '2023-06-26 15:35:03');
INSERT INTO user_email_verification_table (user_id, verified_at) VALUES (41, '2023-06-24 22:52:45');
INSERT INTO user_email_verification_table (user_id, verified_at) VALUES (42, '2023-03-11 11:12:11');
INSERT INTO user_email_verification_table (user_id, verified_at) VALUES (43, '2023-06-18 11:10:13');
INSERT INTO user_email_verification_table (user_id, verified_at) VALUES (44, '2023-04-08 04:26:51');
INSERT INTO user_email_verification_table (user_id, verified_at) VALUES (45, '2023-06-14 04:18:53');
INSERT INTO user_email_verification_table (user_id, verified_at) VALUES (46, '2023-06-08 12:31:47');
INSERT INTO user_email_verification_table (user_id, verified_at) VALUES (47, '2023-03-19 17:59:59');
INSERT INTO user_email_verification_table (user_id, verified_at) VALUES (48, '2023-06-26 00:41:41');
INSERT INTO user_email_verification_table (user_id, verified_at) VALUES (49, '2023-06-01 23:54:58');
INSERT INTO user_email_verification_table (user_id, verified_at) VALUES (50, '2023-06-09 17:36:58');
INSERT INTO user_email_verification_table (user_id, verified_at) VALUES (51, '2023-02-26 11:47:21');
INSERT INTO user_email_verification_table (user_id, verified_at) VALUES (52, '2023-06-05 05:50:58');
INSERT INTO user_email_verification_table (user_id, verified_at) VALUES (53, '2023-05-09 08:28:18');
INSERT INTO user_email_verification_table (user_id, verified_at) VALUES (54, '2023-06-28 06:06:37');
INSERT INTO user_email_verification_table (user_id, verified_at) VALUES (55, '2023-04-26 05:30:38');
INSERT INTO user_email_verification_table (user_id, verified_at) VALUES (56, '2023-06-26 14:54:28');
INSERT INTO user_email_verification_table (user_id, verified_at) VALUES (57, '2023-06-22 02:24:28');
INSERT INTO user_email_verification_table (user_id, verified_at) VALUES (58, '2023-05-07 15:12:18');
INSERT INTO user_email_verification_table (user_id, verified_at) VALUES (59, '2023-06-27 13:01:40');
INSERT INTO user_email_verification_table (user_id, verified_at) VALUES (60, '2023-03-28 17:00:41');
INSERT INTO user_email_verification_table (user_id, verified_at) VALUES (61, '2023-02-07 06:54:46');
INSERT INTO user_email_verification_table (user_id, verified_at) VALUES (62, '2023-06-21 19:59:09');
INSERT INTO user_email_verification_table (user_id, verified_at) VALUES (63, '2023-03-10 10:18:26');
INSERT INTO user_email_verification_table (user_id, verified_at) VALUES (64, '2023-06-12 20:59:16');
INSERT INTO user_email_verification_table (user_id, verified_at) VALUES (65, '2023-06-27 23:08:59');
INSERT INTO user_email_verification_table (user_id, verified_at) VALUES (66, '2023-06-10 11:45:25');
INSERT INTO user_email_verification_table (user_id, verified_at) VALUES (67, '2023-05-03 03:43:56');
INSERT INTO user_email_verification_table (user_id, verified_at) VALUES (68, '2023-06-21 21:52:26');
INSERT INTO user_email_verification_table (user_id, verified_at) VALUES (69, '2023-06-29 10:02:03');
INSERT INTO user_email_verification_table (user_id, verified_at) VALUES (70, '2023-05-21 18:45:00');
INSERT INTO user_email_verification_table (user_id, verified_at) VALUES (71, '2023-06-04 23:02:58');
INSERT INTO user_email_verification_table (user_id, verified_at) VALUES (72, '2023-06-23 14:28:28');
INSERT INTO user_email_verification_table (user_id, verified_at) VALUES (73, '2023-06-26 09:43:27');
INSERT INTO user_email_verification_table (user_id, verified_at) VALUES (74, '2023-06-23 15:00:27');
INSERT INTO user_email_verification_table (user_id, verified_at) VALUES (75, '2023-05-26 23:49:12');
INSERT INTO user_email_verification_table (user_id, verified_at) VALUES (76, '2023-06-04 16:20:46');
INSERT INTO user_email_verification_table (user_id, verified_at) VALUES (77, '2023-06-29 04:37:13');
INSERT INTO user_email_verification_table (user_id, verified_at) VALUES (78, '2023-05-12 09:39:01');
INSERT INTO user_email_verification_table (user_id, verified_at) VALUES (79, '2023-06-23 22:16:57');
INSERT INTO user_email_verification_table (user_id, verified_at) VALUES (80, '2023-03-25 08:30:45');
INSERT INTO user_email_verification_table (user_id, verified_at) VALUES (81, '2023-06-27 23:33:49');
INSERT INTO user_email_verification_table (user_id, verified_at) VALUES (82, '2023-04-06 12:01:49');
INSERT INTO user_email_verification_table (user_id, verified_at) VALUES (83, '2023-06-27 14:03:11');
INSERT INTO user_email_verification_table (user_id, verified_at) VALUES (84, '2023-05-13 10:58:22');
INSERT INTO user_email_verification_table (user_id, verified_at) VALUES (85, '2023-06-08 02:02:49');
INSERT INTO session_table (user_id, connected_at) VALUES (95, '2023-06-07 18:19:04');
INSERT INTO session_table (user_id, connected_at) VALUES (32, '2023-06-24 05:54:38');
INSERT INTO session_table (user_id, connected_at) VALUES (21, '2023-06-01 07:36:58');
INSERT INTO session_table (user_id, connected_at) VALUES (48, '2023-06-29 07:24:01');
INSERT INTO session_table (user_id, connected_at) VALUES (57, '2023-06-11 19:23:04');
INSERT INTO session_table (user_id, connected_at) VALUES (2, '2023-06-04 12:54:48');
INSERT INTO session_table (user_id, connected_at) VALUES (45, '2023-06-29 10:45:41');
INSERT INTO session_table (user_id, connected_at) VALUES (81, '2023-06-28 08:55:04');
INSERT INTO session_table (user_id, connected_at) VALUES (15, '2023-05-31 20:19:37');
INSERT INTO session_table (user_id, connected_at) VALUES (60, '2023-06-18 00:43:07');
INSERT INTO session_table (user_id, connected_at) VALUES (63, '2023-04-09 12:14:38');
INSERT INTO session_table (user_id, connected_at) VALUES (82, '2023-06-01 18:08:57');
INSERT INTO session_table (user_id, connected_at) VALUES (25, '2023-06-29 11:10:23');
INSERT INTO session_table (user_id, connected_at) VALUES (85, '2023-05-20 08:36:36');
INSERT INTO session_table (user_id, connected_at) VALUES (24, '2023-06-17 06:43:00');
INSERT INTO session_table (user_id, connected_at) VALUES (93, '2023-04-12 11:48:18');
INSERT INTO session_table (user_id, connected_at) VALUES (48, '2023-06-24 09:07:30');
INSERT INTO session_table (user_id, connected_at) VALUES (74, '2023-06-08 01:09:18');
INSERT INTO session_table (user_id, connected_at) VALUES (91, '2023-04-10 02:18:13');
INSERT INTO session_table (user_id, connected_at) VALUES (81, '2023-06-28 01:04:59');
INSERT INTO session_table (user_id, connected_at) VALUES (69, '2023-06-14 13:56:19');
INSERT INTO session_table (user_id, connected_at) VALUES (73, '2023-06-24 15:30:58');
INSERT INTO session_table (user_id, connected_at) VALUES (85, '2023-06-18 09:01:53');
INSERT INTO session_table (user_id, connected_at) VALUES (80, '2023-04-28 22:44:44');
INSERT INTO session_table (user_id, connected_at) VALUES (49, '2023-06-03 01:03:00');
INSERT INTO session_table (user_id, connected_at) VALUES (57, '2023-06-10 00:37:58');
INSERT INTO session_table (user_id, connected_at) VALUES (11, '2023-06-27 21:59:26');
INSERT INTO session_table (user_id, connected_at) VALUES (52, '2023-03-31 14:54:05');
INSERT INTO session_table (user_id, connected_at) VALUES (68, '2023-06-04 17:14:15');
INSERT INTO session_table (user_id, connected_at) VALUES (43, '2023-06-06 19:36:11');
INSERT INTO session_table (user_id, connected_at) VALUES (15, '2023-03-13 07:23:57');
INSERT INTO session_table (user_id, connected_at) VALUES (90, '2023-06-23 05:08:12');
INSERT INTO session_table (user_id, connected_at) VALUES (31, '2023-05-18 12:36:23');
INSERT INTO session_table (user_id, connected_at) VALUES (96, '2023-06-26 21:01:10');
INSERT INTO session_table (user_id, connected_at) VALUES (70, '2023-05-17 04:24:52');
INSERT INTO session_table (user_id, connected_at) VALUES (49, '2023-05-24 18:18:55');
INSERT INTO session_table (user_id, connected_at) VALUES (77, '2023-06-02 12:46:59');
INSERT INTO session_table (user_id, connected_at) VALUES (50, '2023-04-04 10:42:39');
INSERT INTO session_table (user_id, connected_at) VALUES (82, '2023-03-27 20:06:02');
INSERT INTO session_table (user_id, connected_at) VALUES (6, '2023-05-26 13:22:19');
INSERT INTO session_table (user_id, connected_at) VALUES (27, '2023-01-30 03:38:26');
INSERT INTO session_table (user_id, connected_at) VALUES (25, '2023-06-27 02:46:47');
INSERT INTO session_table (user_id, connected_at) VALUES (69, '2023-06-19 10:43:38');
INSERT INTO session_table (user_id, connected_at) VALUES (32, '2023-05-13 23:26:17');
INSERT INTO session_table (user_id, connected_at) VALUES (50, '2023-06-14 09:12:07');
INSERT INTO session_table (user_id, connected_at) VALUES (96, '2023-06-29 21:11:17');
INSERT INTO session_table (user_id, connected_at) VALUES (84, '2023-04-10 05:55:00');
INSERT INTO session_table (user_id, connected_at) VALUES (68, '2023-06-21 05:11:06');
INSERT INTO session_table (user_id, connected_at) VALUES (32, '2023-05-29 14:28:26');
INSERT INTO session_table (user_id, connected_at) VALUES (18, '2023-05-20 10:29:30');
INSERT INTO session_table (user_id, connected_at) VALUES (59, '2023-06-29 20:05:05');
INSERT INTO session_table (user_id, connected_at) VALUES (76, '2023-04-18 05:38:16');
INSERT INTO session_table (user_id, connected_at) VALUES (13, '2023-03-14 18:56:53');
INSERT INTO session_table (user_id, connected_at) VALUES (28, '2023-05-25 18:47:14');
INSERT INTO session_table (user_id, connected_at) VALUES (91, '2023-06-07 16:37:58');
INSERT INTO session_table (user_id, connected_at) VALUES (89, '2023-06-22 19:13:58');
INSERT INTO session_table (user_id, connected_at) VALUES (50, '2023-06-10 03:33:41');
INSERT INTO session_table (user_id, connected_at) VALUES (68, '2023-05-22 16:13:29');
INSERT INTO session_table (user_id, connected_at) VALUES (4, '2023-06-23 20:33:34');
INSERT INTO session_table (user_id, connected_at) VALUES (17, '2023-05-30 02:21:21');
INSERT INTO session_table (user_id, connected_at) VALUES (2, '2023-06-26 01:11:41');
INSERT INTO session_table (user_id, connected_at) VALUES (57, '2023-06-29 06:45:21');
INSERT INTO session_table (user_id, connected_at) VALUES (18, '2023-05-30 11:54:35');
INSERT INTO session_table (user_id, connected_at) VALUES (46, '2023-02-24 20:15:43');
INSERT INTO session_table (user_id, connected_at) VALUES (31, '2023-05-04 10:02:00');
INSERT INTO session_table (user_id, connected_at) VALUES (70, '2023-06-23 00:35:55');
INSERT INTO session_table (user_id, connected_at) VALUES (50, '2023-06-01 15:53:27');
INSERT INTO session_table (user_id, connected_at) VALUES (42, '2023-06-24 07:12:37');
INSERT INTO session_table (user_id, connected_at) VALUES (84, '2023-05-28 00:02:07');
INSERT INTO session_table (user_id, connected_at) VALUES (93, '2023-01-25 08:48:13');
INSERT INTO session_table (user_id, connected_at) VALUES (63, '2023-04-06 08:28:15');
INSERT INTO session_table (user_id, connected_at) VALUES (36, '2023-06-15 05:50:29');
INSERT INTO session_table (user_id, connected_at) VALUES (89, '2023-03-15 15:28:10');
INSERT INTO session_table (user_id, connected_at) VALUES (67, '2023-05-09 05:08:14');
INSERT INTO session_table (user_id, connected_at) VALUES (40, '2023-05-01 07:38:50');
INSERT INTO session_table (user_id, connected_at) VALUES (64, '2023-06-23 22:29:51');
INSERT INTO session_table (user_id, connected_at) VALUES (58, '2023-03-08 01:52:02');
INSERT INTO session_table (user_id, connected_at) VALUES (72, '2023-06-07 12:10:17');
INSERT INTO session_table (user_id, connected_at) VALUES (31, '2023-06-15 04:01:18');
INSERT INTO session_table (user_id, connected_at) VALUES (74, '2023-06-13 20:16:00');
INSERT INTO session_table (user_id, connected_at) VALUES (33, '2023-06-05 03:52:26');
INSERT INTO session_table (user_id, connected_at) VALUES (13, '2023-06-03 07:22:13');
INSERT INTO session_table (user_id, connected_at) VALUES (88, '2023-06-21 11:03:45');
INSERT INTO session_table (user_id, connected_at) VALUES (39, '2023-05-12 02:21:29');
INSERT INTO session_table (user_id, connected_at) VALUES (58, '2023-06-07 21:55:03');
INSERT INTO session_table (user_id, connected_at) VALUES (4, '2023-06-18 22:56:27');
INSERT INTO session_table (user_id, connected_at) VALUES (18, '2023-04-10 22:07:31');
INSERT INTO session_table (user_id, connected_at) VALUES (5, '2023-06-10 20:59:49');
INSERT INTO session_table (user_id, connected_at) VALUES (2, '2023-05-22 00:18:21');
INSERT INTO session_table (user_id, connected_at) VALUES (45, '2023-06-13 19:04:05');
INSERT INTO session_table (user_id, connected_at) VALUES (40, '2023-06-06 02:20:52');
INSERT INTO session_table (user_id, connected_at) VALUES (54, '2023-06-29 02:38:14');
INSERT INTO session_table (user_id, connected_at) VALUES (35, '2023-03-21 10:38:39');
INSERT INTO session_table (user_id, connected_at) VALUES (87, '2023-05-13 11:34:51');
INSERT INTO session_table (user_id, connected_at) VALUES (66, '2023-05-23 14:43:48');
INSERT INTO session_table (user_id, connected_at) VALUES (64, '2023-06-12 18:07:41');
INSERT INTO session_table (user_id, connected_at) VALUES (51, '2023-03-02 02:59:10');
INSERT INTO session_table (user_id, connected_at) VALUES (14, '2023-05-13 17:49:28');
INSERT INTO session_table (user_id, connected_at) VALUES (49, '2023-06-10 18:41:23');
INSERT INTO session_table (user_id, connected_at) VALUES (49, '2023-06-01 16:32:26');
INSERT INTO session_table (user_id, connected_at) VALUES (24, '2023-02-18 04:33:17');
INSERT INTO session_table (user_id, connected_at) VALUES (88, '2023-04-20 09:57:59');
INSERT INTO session_table (user_id, connected_at) VALUES (40, '2023-06-16 00:24:27');
INSERT INTO session_table (user_id, connected_at) VALUES (29, '2023-06-03 12:59:56');
INSERT INTO session_table (user_id, connected_at) VALUES (52, '2023-02-20 21:15:44');
INSERT INTO session_table (user_id, connected_at) VALUES (39, '2023-04-22 18:47:24');
INSERT INTO session_table (user_id, connected_at) VALUES (21, '2023-06-28 22:42:37');
INSERT INTO session_table (user_id, connected_at) VALUES (22, '2023-06-16 10:06:33');
INSERT INTO session_table (user_id, connected_at) VALUES (58, '2023-02-27 20:20:15');
INSERT INTO session_table (user_id, connected_at) VALUES (52, '2023-01-05 15:50:45');
INSERT INTO session_table (user_id, connected_at) VALUES (69, '2023-06-20 09:35:47');
INSERT INTO session_table (user_id, connected_at) VALUES (6, '2023-05-18 07:22:53');
INSERT INTO session_table (user_id, connected_at) VALUES (59, '2023-06-27 11:07:59');
INSERT INTO session_table (user_id, connected_at) VALUES (75, '2023-06-14 19:22:07');
INSERT INTO session_table (user_id, connected_at) VALUES (24, '2023-02-28 06:45:34');
INSERT INTO session_table (user_id, connected_at) VALUES (87, '2023-04-30 13:05:16');
INSERT INTO session_table (user_id, connected_at) VALUES (45, '2023-05-31 02:15:57');
INSERT INTO session_table (user_id, connected_at) VALUES (87, '2023-06-17 15:57:53');
INSERT INTO session_table (user_id, connected_at) VALUES (36, '2023-06-14 06:38:17');
INSERT INTO session_table (user_id, connected_at) VALUES (68, '2023-06-14 00:14:02');
INSERT INTO session_table (user_id, connected_at) VALUES (22, '2023-06-25 06:06:58');
INSERT INTO session_table (user_id, connected_at) VALUES (80, '2023-05-27 00:55:35');
INSERT INTO session_table (user_id, connected_at) VALUES (47, '2023-03-29 16:57:18');
INSERT INTO session_table (user_id, connected_at) VALUES (95, '2023-05-17 15:04:42');
INSERT INTO session_table (user_id, connected_at) VALUES (16, '2023-05-14 20:16:42');
INSERT INTO session_table (user_id, connected_at) VALUES (79, '2023-04-20 17:17:07');
INSERT INTO session_table (user_id, connected_at) VALUES (84, '2023-04-22 07:55:53');
INSERT INTO session_table (user_id, connected_at) VALUES (4, '2023-05-05 23:04:54');
INSERT INTO session_table (user_id, connected_at) VALUES (49, '2023-06-19 21:29:24');
INSERT INTO session_table (user_id, connected_at) VALUES (83, '2023-02-28 22:41:35');
INSERT INTO session_table (user_id, connected_at) VALUES (79, '2023-02-14 04:06:28');
INSERT INTO session_table (user_id, connected_at) VALUES (41, '2023-06-14 12:45:07');
INSERT INTO session_table (user_id, connected_at) VALUES (62, '2023-06-26 22:49:33');
INSERT INTO session_table (user_id, connected_at) VALUES (87, '2023-06-10 07:41:17');
INSERT INTO session_table (user_id, connected_at) VALUES (23, '2023-05-28 22:59:43');
INSERT INTO session_table (user_id, connected_at) VALUES (1, '2023-03-06 16:08:48');
INSERT INTO session_table (user_id, connected_at) VALUES (23, '2023-06-29 20:14:32');
INSERT INTO session_table (user_id, connected_at) VALUES (11, '2023-05-18 11:21:59');
INSERT INTO session_table (user_id, connected_at) VALUES (70, '2023-06-22 13:29:44');
INSERT INTO session_table (user_id, connected_at) VALUES (36, '2023-05-31 06:03:03');
INSERT INTO session_table (user_id, connected_at) VALUES (49, '2023-06-04 01:48:25');
INSERT INTO session_table (user_id, connected_at) VALUES (48, '2023-06-27 07:12:23');
INSERT INTO session_table (user_id, connected_at) VALUES (69, '2023-06-05 20:25:01');
INSERT INTO session_table (user_id, connected_at) VALUES (78, '2023-05-29 03:54:13');
INSERT INTO session_table (user_id, connected_at) VALUES (60, '2023-03-12 06:28:59');
INSERT INTO session_table (user_id, connected_at) VALUES (42, '2023-05-11 19:29:33');
INSERT INTO session_table (user_id, connected_at) VALUES (54, '2023-06-29 16:23:27');
INSERT INTO session_table (user_id, connected_at) VALUES (24, '2023-06-18 04:41:48');
INSERT INTO session_table (user_id, connected_at) VALUES (19, '2023-06-25 09:04:14');
INSERT INTO session_table (user_id, connected_at) VALUES (34, '2023-04-14 09:51:02');
INSERT INTO session_table (user_id, connected_at) VALUES (84, '2023-05-04 17:06:52');
INSERT INTO session_table (user_id, connected_at) VALUES (26, '2023-05-10 22:20:11');
INSERT INTO session_table (user_id, connected_at) VALUES (6, '2023-03-01 20:25:02');
INSERT INTO session_table (user_id, connected_at) VALUES (77, '2023-05-22 08:04:39');
INSERT INTO session_table (user_id, connected_at) VALUES (86, '2023-05-18 01:27:43');
INSERT INTO session_table (user_id, connected_at) VALUES (59, '2023-06-29 08:58:33');
INSERT INTO session_table (user_id, connected_at) VALUES (69, '2023-06-19 02:32:19');
INSERT INTO session_table (user_id, connected_at) VALUES (54, '2023-06-29 01:24:19');
INSERT INTO session_table (user_id, connected_at) VALUES (80, '2023-06-05 07:04:07');
INSERT INTO session_table (user_id, connected_at) VALUES (6, '2023-05-25 00:13:41');
INSERT INTO session_table (user_id, connected_at) VALUES (3, '2023-04-21 22:12:56');
INSERT INTO session_table (user_id, connected_at) VALUES (63, '2023-05-16 16:02:19');
INSERT INTO session_table (user_id, connected_at) VALUES (44, '2023-03-22 01:13:04');
INSERT INTO session_table (user_id, connected_at) VALUES (59, '2023-06-28 21:18:48');
INSERT INTO session_table (user_id, connected_at) VALUES (5, '2023-06-14 00:39:43');
INSERT INTO session_table (user_id, connected_at) VALUES (10, '2023-05-31 21:43:14');
INSERT INTO session_table (user_id, connected_at) VALUES (42, '2023-05-19 00:49:43');
INSERT INTO session_table (user_id, connected_at) VALUES (47, '2023-02-21 14:56:22');
INSERT INTO session_table (user_id, connected_at) VALUES (48, '2023-06-29 15:05:48');
INSERT INTO session_table (user_id, connected_at) VALUES (55, '2023-06-10 07:39:54');
INSERT INTO session_table (user_id, connected_at) VALUES (45, '2023-06-06 04:48:15');
INSERT INTO session_table (user_id, connected_at) VALUES (32, '2023-05-07 21:08:59');
INSERT INTO session_table (user_id, connected_at) VALUES (78, '2023-06-24 13:46:36');
INSERT INTO session_table (user_id, connected_at) VALUES (99, '2023-06-19 12:36:48');
INSERT INTO session_table (user_id, connected_at) VALUES (15, '2023-04-23 04:12:23');
INSERT INTO session_table (user_id, connected_at) VALUES (81, '2023-06-29 00:55:00');
INSERT INTO session_table (user_id, connected_at) VALUES (22, '2023-06-25 05:30:32');
INSERT INTO session_table (user_id, connected_at) VALUES (16, '2023-05-10 20:05:16');
INSERT INTO session_table (user_id, connected_at) VALUES (96, '2023-06-27 09:54:24');
INSERT INTO session_table (user_id, connected_at) VALUES (86, '2023-06-24 04:08:41');
INSERT INTO session_table (user_id, connected_at) VALUES (17, '2023-04-22 03:36:21');
INSERT INTO session_table (user_id, connected_at) VALUES (28, '2023-06-26 22:10:17');
INSERT INTO session_table (user_id, connected_at) VALUES (75, '2023-04-20 00:26:18');
INSERT INTO session_table (user_id, connected_at) VALUES (98, '2023-03-04 14:32:53');
INSERT INTO session_table (user_id, connected_at) VALUES (73, '2023-06-11 14:15:07');
INSERT INTO session_table (user_id, connected_at) VALUES (81, '2023-06-27 20:35:33');
INSERT INTO session_table (user_id, connected_at) VALUES (64, '2023-06-28 01:43:33');
INSERT INTO session_table (user_id, connected_at) VALUES (20, '2023-06-13 06:43:19');
INSERT INTO session_table (user_id, connected_at) VALUES (34, '2023-06-21 00:25:25');
INSERT INTO session_table (user_id, connected_at) VALUES (37, '2023-05-28 08:35:44');
INSERT INTO session_table (user_id, connected_at) VALUES (25, '2023-06-29 00:34:14');
INSERT INTO session_table (user_id, connected_at) VALUES (72, '2023-06-18 01:42:11');
INSERT INTO session_table (user_id, connected_at) VALUES (2, '2023-06-04 02:30:01');
INSERT INTO session_table (user_id, connected_at) VALUES (57, '2023-06-23 13:10:30');
INSERT INTO session_table (user_id, connected_at) VALUES (14, '2023-06-06 19:02:50');
INSERT INTO session_table (user_id, connected_at) VALUES (38, '2023-05-31 20:53:40');
INSERT INTO session_table (user_id, connected_at) VALUES (98, '2023-05-05 04:26:14');
INSERT INTO session_table (user_id, connected_at) VALUES (61, '2023-05-24 02:00:48');
INSERT INTO session_table (user_id, connected_at) VALUES (75, '2023-05-13 03:08:23');
INSERT INTO session_table (user_id, connected_at) VALUES (61, '2023-02-22 15:48:44');
INSERT INTO session_table (user_id, connected_at) VALUES (80, '2023-06-19 09:52:55');
INSERT INTO session_table (user_id, connected_at) VALUES (73, '2023-06-17 10:46:24');
INSERT INTO session_table (user_id, connected_at) VALUES (4, '2023-06-06 07:33:33');
INSERT INTO session_table (user_id, connected_at) VALUES (30, '2023-04-14 04:24:52');
INSERT INTO session_table (user_id, connected_at) VALUES (51, '2023-04-23 19:47:13');
INSERT INTO session_table (user_id, connected_at) VALUES (91, '2023-06-03 13:49:33');
INSERT INTO session_table (user_id, connected_at) VALUES (92, '2023-04-19 06:04:36');
INSERT INTO session_table (user_id, connected_at) VALUES (9, '2023-04-27 05:22:44');
INSERT INTO session_table (user_id, connected_at) VALUES (50, '2023-03-09 23:48:47');
INSERT INTO session_table (user_id, connected_at) VALUES (72, '2023-06-17 01:27:35');
INSERT INTO session_table (user_id, connected_at) VALUES (83, '2023-05-17 13:24:40');
INSERT INTO session_table (user_id, connected_at) VALUES (68, '2023-05-28 21:30:35');
INSERT INTO session_table (user_id, connected_at) VALUES (86, '2023-05-30 04:29:31');
INSERT INTO session_table (user_id, connected_at) VALUES (38, '2023-04-21 06:05:58');
INSERT INTO session_table (user_id, connected_at) VALUES (25, '2023-06-20 19:17:51');
INSERT INTO session_table (user_id, connected_at) VALUES (66, '2023-05-21 01:57:27');
INSERT INTO session_table (user_id, connected_at) VALUES (89, '2023-03-23 06:20:08');
INSERT INTO session_table (user_id, connected_at) VALUES (69, '2023-06-25 06:03:50');
INSERT INTO session_table (user_id, connected_at) VALUES (29, '2023-06-09 21:59:41');
INSERT INTO session_table (user_id, connected_at) VALUES (95, '2023-02-22 08:42:46');
INSERT INTO session_table (user_id, connected_at) VALUES (9, '2023-06-02 17:55:52');
INSERT INTO session_table (user_id, connected_at) VALUES (92, '2023-06-12 13:35:00');
INSERT INTO session_table (user_id, connected_at) VALUES (22, '2023-06-08 23:14:44');
INSERT INTO session_table (user_id, connected_at) VALUES (61, '2023-05-19 10:48:51');
INSERT INTO session_table (user_id, connected_at) VALUES (32, '2023-05-14 11:50:11');
INSERT INTO session_table (user_id, connected_at) VALUES (20, '2023-06-13 19:34:35');
INSERT INTO session_table (user_id, connected_at) VALUES (95, '2023-03-22 17:47:30');
INSERT INTO session_table (user_id, connected_at) VALUES (13, '2023-02-04 13:00:27');
INSERT INTO session_table (user_id, connected_at) VALUES (37, '2023-04-01 00:28:51');
INSERT INTO session_table (user_id, connected_at) VALUES (12, '2023-06-16 07:06:42');
INSERT INTO session_table (user_id, connected_at) VALUES (35, '2023-05-30 11:15:08');
INSERT INTO session_table (user_id, connected_at) VALUES (52, '2023-04-23 22:34:20');
INSERT INTO session_table (user_id, connected_at) VALUES (97, '2023-06-25 19:13:48');
INSERT INTO session_table (user_id, connected_at) VALUES (55, '2023-04-07 10:24:04');
INSERT INTO session_table (user_id, connected_at) VALUES (26, '2023-05-04 11:56:08');
INSERT INTO session_table (user_id, connected_at) VALUES (59, '2023-06-28 10:58:44');
INSERT INTO session_table (user_id, connected_at) VALUES (11, '2023-06-20 14:24:43');
INSERT INTO session_table (user_id, connected_at) VALUES (40, '2023-04-29 06:47:12');
INSERT INTO session_table (user_id, connected_at) VALUES (74, '2023-06-10 19:00:57');
INSERT INTO session_table (user_id, connected_at) VALUES (53, '2023-05-01 17:42:13');
INSERT INTO session_table (user_id, connected_at) VALUES (52, '2023-06-25 18:16:51');
INSERT INTO session_table (user_id, connected_at) VALUES (91, '2023-04-29 15:04:07');
INSERT INTO session_table (user_id, connected_at) VALUES (18, '2023-04-17 04:27:08');
INSERT INTO session_table (user_id, connected_at) VALUES (16, '2023-05-11 03:01:15');
INSERT INTO session_table (user_id, connected_at) VALUES (30, '2023-05-09 15:02:05');
INSERT INTO session_table (user_id, connected_at) VALUES (13, '2023-06-10 11:56:25');
INSERT INTO session_table (user_id, connected_at) VALUES (16, '2023-05-18 16:03:06');
INSERT INTO session_table (user_id, connected_at) VALUES (77, '2023-06-02 07:57:11');
INSERT INTO session_table (user_id, connected_at) VALUES (55, '2023-05-05 17:53:08');
INSERT INTO session_table (user_id, connected_at) VALUES (96, '2023-06-27 06:12:41');
INSERT INTO session_table (user_id, connected_at) VALUES (79, '2023-06-09 17:56:41');
INSERT INTO session_table (user_id, connected_at) VALUES (32, '2023-05-31 01:57:04');
INSERT INTO session_table (user_id, connected_at) VALUES (33, '2023-05-02 02:39:18');
INSERT INTO session_table (user_id, connected_at) VALUES (67, '2023-06-24 13:49:50');
INSERT INTO session_table (user_id, connected_at) VALUES (26, '2023-05-24 19:03:31');
INSERT INTO session_table (user_id, connected_at) VALUES (98, '2023-02-23 20:19:35');
INSERT INTO session_table (user_id, connected_at) VALUES (79, '2023-03-03 07:16:33');
INSERT INTO session_table (user_id, connected_at) VALUES (28, '2023-01-23 10:08:10');
INSERT INTO session_table (user_id, connected_at) VALUES (78, '2023-05-08 09:54:53');
INSERT INTO session_table (user_id, connected_at) VALUES (87, '2023-03-29 18:43:16');
INSERT INTO session_table (user_id, connected_at) VALUES (62, '2023-06-19 05:30:25');
INSERT INTO session_table (user_id, connected_at) VALUES (57, '2023-06-14 18:46:59');
INSERT INTO session_table (user_id, connected_at) VALUES (71, '2023-06-06 06:41:47');
INSERT INTO session_table (user_id, connected_at) VALUES (78, '2023-05-20 10:07:00');
INSERT INTO session_table (user_id, connected_at) VALUES (13, '2023-03-05 09:57:49');
INSERT INTO session_table (user_id, connected_at) VALUES (69, '2023-06-10 04:18:10');
INSERT INTO session_table (user_id, connected_at) VALUES (35, '2023-04-22 12:26:31');
INSERT INTO session_table (user_id, connected_at) VALUES (79, '2023-03-15 16:05:48');
INSERT INTO session_table (user_id, connected_at) VALUES (40, '2023-05-04 17:24:43');
INSERT INTO session_table (user_id, connected_at) VALUES (96, '2023-06-29 11:21:45');
INSERT INTO session_table (user_id, connected_at) VALUES (8, '2023-01-21 23:14:01');
INSERT INTO session_table (user_id, connected_at) VALUES (30, '2023-06-09 00:16:07');
INSERT INTO session_table (user_id, connected_at) VALUES (22, '2023-06-09 09:54:48');
INSERT INTO session_table (user_id, connected_at) VALUES (28, '2023-06-03 17:49:13');
INSERT INTO session_table (user_id, connected_at) VALUES (96, '2023-06-29 09:11:32');
INSERT INTO session_table (user_id, connected_at) VALUES (66, '2023-05-25 17:17:00');
INSERT INTO session_table (user_id, connected_at) VALUES (46, '2023-06-04 21:15:01');
INSERT INTO session_table (user_id, connected_at) VALUES (47, '2023-02-21 04:41:53');
INSERT INTO session_table (user_id, connected_at) VALUES (35, '2023-03-28 02:14:23');
INSERT INTO session_table (user_id, connected_at) VALUES (46, '2023-01-29 09:06:10');
INSERT INTO session_table (user_id, connected_at) VALUES (27, '2023-06-15 07:37:01');
INSERT INTO session_table (user_id, connected_at) VALUES (96, '2023-06-27 16:47:42');
INSERT INTO session_table (user_id, connected_at) VALUES (49, '2023-06-16 09:17:57');
INSERT INTO session_table (user_id, connected_at) VALUES (52, '2023-06-19 18:36:40');
INSERT INTO session_table (user_id, connected_at) VALUES (14, '2023-06-14 13:44:18');
INSERT INTO session_table (user_id, connected_at) VALUES (12, '2023-05-06 06:48:34');
INSERT INTO session_table (user_id, connected_at) VALUES (62, '2023-06-28 23:15:56');
INSERT INTO session_table (user_id, connected_at) VALUES (96, '2023-06-29 11:10:40');
INSERT INTO session_table (user_id, connected_at) VALUES (40, '2023-05-17 23:16:31');
INSERT INTO session_table (user_id, connected_at) VALUES (36, '2023-06-06 01:05:48');
INSERT INTO session_table (user_id, connected_at) VALUES (76, '2023-06-27 22:12:19');
INSERT INTO session_table (user_id, connected_at) VALUES (2, '2023-05-13 21:40:25');
INSERT INTO session_table (user_id, connected_at) VALUES (37, '2023-03-09 22:50:01');
INSERT INTO session_table (user_id, connected_at) VALUES (24, '2023-03-11 02:17:33');
INSERT INTO session_table (user_id, connected_at) VALUES (38, '2023-05-06 03:04:20');
INSERT INTO session_table (user_id, connected_at) VALUES (9, '2023-05-03 03:24:37');
INSERT INTO session_table (user_id, connected_at) VALUES (75, '2023-05-04 19:23:19');
INSERT INTO session_table (user_id, connected_at) VALUES (46, '2023-05-07 14:42:26');
INSERT INTO session_table (user_id, connected_at) VALUES (96, '2023-06-29 13:41:02');
INSERT INTO session_table (user_id, connected_at) VALUES (85, '2023-06-18 05:46:03');
INSERT INTO session_table (user_id, connected_at) VALUES (17, '2023-05-12 07:15:30');
INSERT INTO session_table (user_id, connected_at) VALUES (36, '2023-06-20 11:28:58');
INSERT INTO session_table (user_id, connected_at) VALUES (17, '2023-06-01 15:55:34');
INSERT INTO session_table (user_id, connected_at) VALUES (77, '2023-06-26 01:53:02');
INSERT INTO session_table (user_id, connected_at) VALUES (19, '2023-04-09 08:42:46');
INSERT INTO session_table (user_id, connected_at) VALUES (72, '2023-06-11 06:31:15');
INSERT INTO session_table (user_id, connected_at) VALUES (26, '2023-05-10 23:54:01');
INSERT INTO session_table (user_id, connected_at) VALUES (52, '2023-05-12 03:24:19');
INSERT INTO session_table (user_id, connected_at) VALUES (68, '2023-06-24 22:47:20');
INSERT INTO session_table (user_id, connected_at) VALUES (96, '2023-06-26 11:36:03');
INSERT INTO session_table (user_id, connected_at) VALUES (60, '2023-06-12 02:37:59');
INSERT INTO session_table (user_id, connected_at) VALUES (38, '2023-03-17 01:06:11');
INSERT INTO session_table (user_id, connected_at) VALUES (6, '2023-04-08 02:25:42');
INSERT INTO session_table (user_id, connected_at) VALUES (75, '2023-05-22 21:31:40');
INSERT INTO session_table (user_id, connected_at) VALUES (34, '2023-04-16 09:34:58');
INSERT INTO session_table (user_id, connected_at) VALUES (50, '2023-05-28 02:16:24');
INSERT INTO session_table (user_id, connected_at) VALUES (76, '2023-05-25 20:49:41');
INSERT INTO session_table (user_id, connected_at) VALUES (11, '2023-04-30 23:04:10');
INSERT INTO session_table (user_id, connected_at) VALUES (50, '2023-05-26 13:39:12');
INSERT INTO session_table (user_id, connected_at) VALUES (48, '2023-06-23 13:10:29');
INSERT INTO session_table (user_id, connected_at) VALUES (96, '2023-06-29 12:54:32');
INSERT INTO session_table (user_id, connected_at) VALUES (67, '2023-06-02 06:48:02');
INSERT INTO session_table (user_id, connected_at) VALUES (64, '2023-06-22 11:29:43');
INSERT INTO session_table (user_id, connected_at) VALUES (21, '2023-06-01 06:25:35');
INSERT INTO session_table (user_id, connected_at) VALUES (64, '2023-06-19 06:49:27');
INSERT INTO session_table (user_id, connected_at) VALUES (74, '2023-06-21 20:15:13');
INSERT INTO session_table (user_id, connected_at) VALUES (95, '2023-04-15 10:45:01');
INSERT INTO session_table (user_id, connected_at) VALUES (10, '2023-05-20 08:45:48');
INSERT INTO session_table (user_id, connected_at) VALUES (79, '2023-03-13 04:09:38');
INSERT INTO session_table (user_id, connected_at) VALUES (85, '2023-05-20 05:53:51');
INSERT INTO session_table (user_id, connected_at) VALUES (81, '2023-06-27 07:43:08');
INSERT INTO session_table (user_id, connected_at) VALUES (48, '2023-06-27 16:14:50');
INSERT INTO session_table (user_id, connected_at) VALUES (52, '2023-02-17 17:37:02');
INSERT INTO session_table (user_id, connected_at) VALUES (72, '2023-06-29 06:49:49');
INSERT INTO session_table (user_id, connected_at) VALUES (14, '2023-06-14 10:20:27');
INSERT INTO session_table (user_id, connected_at) VALUES (40, '2023-06-18 13:58:54');
INSERT INTO session_table (user_id, connected_at) VALUES (96, '2023-06-29 16:44:52');
INSERT INTO session_table (user_id, connected_at) VALUES (81, '2023-06-29 11:27:35');
INSERT INTO session_table (user_id, connected_at) VALUES (46, '2023-01-15 22:27:38');
INSERT INTO session_table (user_id, connected_at) VALUES (78, '2023-06-23 08:48:59');
INSERT INTO session_table (user_id, connected_at) VALUES (77, '2023-05-30 17:17:05');
INSERT INTO session_table (user_id, connected_at) VALUES (95, '2023-05-24 21:39:48');
INSERT INTO session_table (user_id, connected_at) VALUES (1, '2023-02-14 14:56:34');
INSERT INTO session_table (user_id, connected_at) VALUES (82, '2023-04-24 12:05:33');
INSERT INTO session_table (user_id, connected_at) VALUES (67, '2023-05-04 15:32:47');
INSERT INTO session_table (user_id, connected_at) VALUES (12, '2023-06-08 13:50:59');
INSERT INTO session_table (user_id, connected_at) VALUES (45, '2023-06-05 22:02:47');
INSERT INTO session_table (user_id, connected_at) VALUES (54, '2023-06-28 02:56:30');
INSERT INTO session_table (user_id, connected_at) VALUES (31, '2023-04-19 23:35:28');
INSERT INTO session_table (user_id, connected_at) VALUES (14, '2023-06-04 22:43:29');
INSERT INTO session_table (user_id, connected_at) VALUES (30, '2023-06-29 20:09:44');
INSERT INTO session_table (user_id, connected_at) VALUES (31, '2023-06-01 08:05:32');
INSERT INTO session_table (user_id, connected_at) VALUES (64, '2023-06-17 09:13:21');
INSERT INTO session_table (user_id, connected_at) VALUES (34, '2023-05-17 01:25:34');
INSERT INTO session_table (user_id, connected_at) VALUES (66, '2023-06-03 05:42:30');
INSERT INTO session_table (user_id, connected_at) VALUES (37, '2023-02-18 00:12:51');
INSERT INTO session_table (user_id, connected_at) VALUES (57, '2023-06-28 22:56:54');
INSERT INTO session_table (user_id, connected_at) VALUES (53, '2023-03-31 06:38:59');
INSERT INTO session_table (user_id, connected_at) VALUES (50, '2023-06-16 00:58:59');
INSERT INTO session_table (user_id, connected_at) VALUES (36, '2023-06-18 07:56:55');
INSERT INTO session_table (user_id, connected_at) VALUES (10, '2023-06-01 02:00:45');
INSERT INTO session_table (user_id, connected_at) VALUES (58, '2023-06-02 01:25:26');
INSERT INTO session_table (user_id, connected_at) VALUES (93, '2023-02-19 19:16:56');
INSERT INTO session_table (user_id, connected_at) VALUES (90, '2023-06-10 04:50:20');
INSERT INTO session_table (user_id, connected_at) VALUES (91, '2023-05-22 20:31:00');
INSERT INTO session_table (user_id, connected_at) VALUES (47, '2023-06-14 21:14:06');
INSERT INTO session_table (user_id, connected_at) VALUES (46, '2023-05-08 16:34:00');
INSERT INTO session_table (user_id, connected_at) VALUES (50, '2023-06-27 07:42:42');
INSERT INTO session_table (user_id, connected_at) VALUES (91, '2023-06-19 10:10:05');
INSERT INTO session_table (user_id, connected_at) VALUES (69, '2023-06-17 16:01:07');
INSERT INTO session_table (user_id, connected_at) VALUES (43, '2023-06-26 19:54:27');
INSERT INTO session_table (user_id, connected_at) VALUES (100, '2023-05-09 19:20:54');
INSERT INTO session_table (user_id, connected_at) VALUES (50, '2023-06-18 09:33:31');
INSERT INTO session_table (user_id, connected_at) VALUES (3, '2023-04-27 08:01:32');
INSERT INTO session_table (user_id, connected_at) VALUES (18, '2023-04-13 19:25:34');
INSERT INTO session_table (user_id, connected_at) VALUES (35, '2023-04-29 20:46:19');
INSERT INTO session_table (user_id, connected_at) VALUES (75, '2023-05-05 19:15:39');
INSERT INTO session_table (user_id, connected_at) VALUES (17, '2023-06-13 01:31:05');
INSERT INTO session_table (user_id, connected_at) VALUES (89, '2023-03-19 07:55:09');
INSERT INTO session_table (user_id, connected_at) VALUES (50, '2023-06-26 06:53:26');
INSERT INTO session_table (user_id, connected_at) VALUES (38, '2023-04-27 23:06:14');
INSERT INTO session_table (user_id, connected_at) VALUES (93, '2023-03-09 21:17:30');
INSERT INTO session_table (user_id, connected_at) VALUES (82, '2023-06-06 08:32:06');
INSERT INTO session_table (user_id, connected_at) VALUES (32, '2023-04-26 08:06:18');
INSERT INTO session_table (user_id, connected_at) VALUES (71, '2023-05-20 12:17:07');
INSERT INTO session_table (user_id, connected_at) VALUES (1, '2023-03-15 07:20:42');
INSERT INTO session_table (user_id, connected_at) VALUES (38, '2023-05-21 02:15:43');
INSERT INTO session_table (user_id, connected_at) VALUES (53, '2023-04-19 17:48:07');
INSERT INTO session_table (user_id, connected_at) VALUES (50, '2023-04-12 18:33:04');
INSERT INTO session_table (user_id, connected_at) VALUES (83, '2023-02-14 18:07:13');
INSERT INTO session_table (user_id, connected_at) VALUES (49, '2023-06-19 06:49:22');
INSERT INTO session_table (user_id, connected_at) VALUES (15, '2023-05-13 11:20:20');
INSERT INTO session_table (user_id, connected_at) VALUES (96, '2023-06-29 12:17:43');
INSERT INTO session_table (user_id, connected_at) VALUES (76, '2023-04-15 15:21:54');
INSERT INTO session_table (user_id, connected_at) VALUES (60, '2023-02-22 05:39:20');
INSERT INTO session_table (user_id, connected_at) VALUES (79, '2023-04-08 19:01:25');
INSERT INTO session_table (user_id, connected_at) VALUES (42, '2023-05-15 11:52:28');
INSERT INTO session_table (user_id, connected_at) VALUES (45, '2023-06-01 09:20:03');
INSERT INTO session_table (user_id, connected_at) VALUES (90, '2023-04-14 06:47:09');
INSERT INTO session_table (user_id, connected_at) VALUES (8, '2023-03-07 11:16:16');
INSERT INTO session_table (user_id, connected_at) VALUES (30, '2023-04-13 20:47:55');
INSERT INTO session_table (user_id, connected_at) VALUES (11, '2023-06-27 18:30:01');
INSERT INTO session_table (user_id, connected_at) VALUES (50, '2023-03-01 21:37:37');
INSERT INTO session_table (user_id, connected_at) VALUES (81, '2023-06-28 21:48:47');
INSERT INTO session_table (user_id, connected_at) VALUES (64, '2023-06-22 06:37:12');
INSERT INTO session_table (user_id, connected_at) VALUES (71, '2023-06-29 17:26:46');
INSERT INTO session_table (user_id, connected_at) VALUES (13, '2023-04-24 09:32:16');
INSERT INTO session_table (user_id, connected_at) VALUES (20, '2023-06-14 12:17:43');
INSERT INTO session_table (user_id, connected_at) VALUES (65, '2023-06-29 19:47:15');
INSERT INTO session_table (user_id, connected_at) VALUES (16, '2023-06-24 09:24:53');
INSERT INTO session_table (user_id, connected_at) VALUES (44, '2023-05-15 10:50:22');
INSERT INTO session_table (user_id, connected_at) VALUES (70, '2023-05-28 02:02:02');
INSERT INTO session_table (user_id, connected_at) VALUES (85, '2023-05-27 14:34:53');
INSERT INTO session_table (user_id, connected_at) VALUES (49, '2023-06-12 08:05:05');
INSERT INTO session_table (user_id, connected_at) VALUES (42, '2023-03-29 04:32:59');
INSERT INTO session_table (user_id, connected_at) VALUES (60, '2023-06-28 12:35:57');
INSERT INTO session_table (user_id, connected_at) VALUES (44, '2023-06-10 02:59:32');
INSERT INTO session_table (user_id, connected_at) VALUES (31, '2023-05-26 05:40:16');
INSERT INTO session_table (user_id, connected_at) VALUES (52, '2023-01-13 15:47:29');
INSERT INTO session_table (user_id, connected_at) VALUES (14, '2023-05-31 14:45:23');
INSERT INTO session_table (user_id, connected_at) VALUES (64, '2023-06-23 18:22:26');
INSERT INTO session_table (user_id, connected_at) VALUES (43, '2023-06-08 04:32:46');
INSERT INTO session_table (user_id, connected_at) VALUES (20, '2023-06-24 02:33:47');
INSERT INTO session_table (user_id, connected_at) VALUES (48, '2023-06-27 12:43:24');
INSERT INTO session_table (user_id, connected_at) VALUES (1, '2023-04-02 00:35:53');
INSERT INTO session_table (user_id, connected_at) VALUES (13, '2023-01-29 16:24:52');
INSERT INTO session_table (user_id, connected_at) VALUES (67, '2023-05-11 11:01:01');
INSERT INTO session_table (user_id, connected_at) VALUES (78, '2023-05-23 07:54:40');
INSERT INTO session_table (user_id, connected_at) VALUES (99, '2023-05-11 06:06:44');
INSERT INTO session_table (user_id, connected_at) VALUES (55, '2023-05-13 17:12:34');
INSERT INTO session_table (user_id, connected_at) VALUES (62, '2023-06-29 22:52:11');
INSERT INTO session_table (user_id, connected_at) VALUES (72, '2023-06-14 05:30:55');
INSERT INTO session_table (user_id, connected_at) VALUES (6, '2023-04-22 01:24:55');
INSERT INTO session_table (user_id, connected_at) VALUES (76, '2023-06-22 21:01:57');
INSERT INTO session_table (user_id, connected_at) VALUES (7, '2023-06-19 01:27:39');
INSERT INTO session_table (user_id, connected_at) VALUES (80, '2023-06-23 20:36:45');
INSERT INTO session_table (user_id, connected_at) VALUES (41, '2023-05-23 12:02:33');
INSERT INTO session_table (user_id, connected_at) VALUES (58, '2023-04-10 06:19:54');
INSERT INTO session_table (user_id, connected_at) VALUES (60, '2023-06-23 06:20:39');
INSERT INTO session_table (user_id, connected_at) VALUES (63, '2023-05-07 21:48:25');
INSERT INTO session_table (user_id, connected_at) VALUES (33, '2023-06-10 20:00:57');
INSERT INTO session_table (user_id, connected_at) VALUES (77, '2023-06-24 01:18:22');
INSERT INTO session_table (user_id, connected_at) VALUES (61, '2023-05-14 15:12:23');
INSERT INTO session_table (user_id, connected_at) VALUES (33, '2023-05-09 11:48:41');
INSERT INTO session_table (user_id, connected_at) VALUES (52, '2023-04-12 19:40:02');
INSERT INTO session_table (user_id, connected_at) VALUES (36, '2023-05-22 05:38:20');
INSERT INTO session_table (user_id, connected_at) VALUES (32, '2023-06-23 07:54:37');
INSERT INTO session_table (user_id, connected_at) VALUES (19, '2023-04-26 21:30:27');
INSERT INTO session_table (user_id, connected_at) VALUES (21, '2023-06-02 09:29:51');
INSERT INTO session_table (user_id, connected_at) VALUES (89, '2023-05-29 21:38:02');
INSERT INTO session_table (user_id, connected_at) VALUES (50, '2023-04-11 03:45:17');
INSERT INTO session_table (user_id, connected_at) VALUES (41, '2023-05-04 23:57:40');
INSERT INTO session_table (user_id, connected_at) VALUES (70, '2023-06-27 10:57:59');
INSERT INTO session_table (user_id, connected_at) VALUES (75, '2023-04-29 00:39:50');
INSERT INTO session_table (user_id, connected_at) VALUES (99, '2023-05-17 06:09:17');
INSERT INTO session_table (user_id, connected_at) VALUES (32, '2023-06-07 16:07:41');
INSERT INTO session_table (user_id, connected_at) VALUES (22, '2023-06-24 17:41:32');
INSERT INTO session_table (user_id, connected_at) VALUES (93, '2023-01-14 03:26:25');
INSERT INTO session_table (user_id, connected_at) VALUES (34, '2023-05-05 19:50:12');
INSERT INTO session_table (user_id, connected_at) VALUES (70, '2023-06-18 20:16:38');
INSERT INTO session_table (user_id, connected_at) VALUES (79, '2023-05-29 03:43:19');
INSERT INTO session_table (user_id, connected_at) VALUES (98, '2023-05-05 03:47:37');
INSERT INTO session_table (user_id, connected_at) VALUES (14, '2023-06-10 19:46:09');
INSERT INTO session_table (user_id, connected_at) VALUES (64, '2023-06-20 13:45:31');
INSERT INTO session_table (user_id, connected_at) VALUES (19, '2023-05-24 15:35:09');
INSERT INTO session_table (user_id, connected_at) VALUES (50, '2023-03-30 23:55:26');
INSERT INTO session_table (user_id, connected_at) VALUES (70, '2023-06-18 10:50:30');
INSERT INTO session_table (user_id, connected_at) VALUES (89, '2023-04-11 19:07:13');
INSERT INTO session_table (user_id, connected_at) VALUES (41, '2023-05-10 11:38:25');
INSERT INTO session_table (user_id, connected_at) VALUES (82, '2023-05-16 03:54:33');
INSERT INTO session_table (user_id, connected_at) VALUES (32, '2023-05-13 02:11:05');
INSERT INTO session_table (user_id, connected_at) VALUES (86, '2023-06-03 23:27:48');
INSERT INTO session_table (user_id, connected_at) VALUES (36, '2023-06-06 12:41:24');
INSERT INTO session_table (user_id, connected_at) VALUES (41, '2023-04-13 13:41:10');
INSERT INTO session_table (user_id, connected_at) VALUES (48, '2023-06-25 07:31:49');
INSERT INTO session_table (user_id, connected_at) VALUES (23, '2023-06-18 23:30:07');
INSERT INTO session_table (user_id, connected_at) VALUES (19, '2023-05-23 15:46:53');
INSERT INTO session_table (user_id, connected_at) VALUES (7, '2023-06-14 06:23:51');
INSERT INTO session_table (user_id, connected_at) VALUES (9, '2023-05-14 02:17:21');
INSERT INTO session_table (user_id, connected_at) VALUES (36, '2023-05-29 04:41:23');
INSERT INTO session_table (user_id, connected_at) VALUES (43, '2023-06-09 00:05:02');
INSERT INTO session_table (user_id, connected_at) VALUES (31, '2023-03-25 23:51:48');
INSERT INTO session_table (user_id, connected_at) VALUES (31, '2023-05-09 13:06:37');
INSERT INTO session_table (user_id, connected_at) VALUES (33, '2023-06-08 22:31:44');
INSERT INTO session_table (user_id, connected_at) VALUES (21, '2023-06-04 07:22:32');
INSERT INTO session_table (user_id, connected_at) VALUES (67, '2023-05-02 22:53:41');
INSERT INTO session_table (user_id, connected_at) VALUES (55, '2023-06-15 12:33:28');
INSERT INTO session_table (user_id, connected_at) VALUES (9, '2023-05-05 19:51:46');
INSERT INTO session_table (user_id, connected_at) VALUES (70, '2023-06-20 09:43:17');
INSERT INTO session_table (user_id, connected_at) VALUES (72, '2023-06-18 00:55:09');
INSERT INTO session_table (user_id, connected_at) VALUES (29, '2023-06-24 04:54:01');
INSERT INTO session_table (user_id, connected_at) VALUES (40, '2023-05-20 06:21:53');
INSERT INTO session_table (user_id, connected_at) VALUES (89, '2023-04-13 16:25:56');
INSERT INTO session_table (user_id, connected_at) VALUES (47, '2023-06-05 22:14:01');
INSERT INTO session_table (user_id, connected_at) VALUES (92, '2023-04-12 01:37:46');
INSERT INTO session_table (user_id, connected_at) VALUES (20, '2023-04-11 08:57:17');
INSERT INTO session_table (user_id, connected_at) VALUES (1, '2023-06-15 03:24:50');
INSERT INTO session_table (user_id, connected_at) VALUES (80, '2023-02-13 05:41:16');
INSERT INTO session_table (user_id, connected_at) VALUES (98, '2023-04-16 21:05:33');
INSERT INTO session_table (user_id, connected_at) VALUES (93, '2023-02-01 16:02:31');
INSERT INTO session_table (user_id, connected_at) VALUES (13, '2023-03-20 06:59:23');
INSERT INTO session_table (user_id, connected_at) VALUES (58, '2023-06-07 23:46:14');
INSERT INTO session_table (user_id, connected_at) VALUES (12, '2023-06-11 13:43:16');
INSERT INTO session_table (user_id, connected_at) VALUES (38, '2023-04-02 20:14:22');
INSERT INTO session_table (user_id, connected_at) VALUES (42, '2023-03-07 09:22:19');
INSERT INTO session_table (user_id, connected_at) VALUES (64, '2023-06-29 11:37:41');
INSERT INTO session_table (user_id, connected_at) VALUES (19, '2023-04-27 21:45:21');
INSERT INTO session_table (user_id, connected_at) VALUES (66, '2023-06-10 18:24:31');
INSERT INTO session_table (user_id, connected_at) VALUES (50, '2023-04-15 15:29:30');
INSERT INTO session_table (user_id, connected_at) VALUES (39, '2023-04-26 16:39:11');
INSERT INTO session_table (user_id, connected_at) VALUES (73, '2023-06-27 07:37:18');
INSERT INTO session_table (user_id, connected_at) VALUES (81, '2023-06-28 02:09:37');
INSERT INTO session_table (user_id, connected_at) VALUES (91, '2023-06-05 22:55:11');
INSERT INTO session_table (user_id, connected_at) VALUES (48, '2023-06-25 11:19:27');
INSERT INTO session_table (user_id, connected_at) VALUES (73, '2023-06-18 06:04:14');
INSERT INTO session_table (user_id, connected_at) VALUES (70, '2023-05-30 15:13:05');
INSERT INTO session_table (user_id, connected_at) VALUES (84, '2023-06-16 10:33:59');
INSERT INTO session_table (user_id, connected_at) VALUES (24, '2023-01-31 13:52:27');
INSERT INTO session_table (user_id, connected_at) VALUES (54, '2023-06-28 15:15:18');
INSERT INTO session_table (user_id, connected_at) VALUES (91, '2023-06-04 22:11:06');
INSERT INTO session_table (user_id, connected_at) VALUES (18, '2023-06-10 02:02:10');
INSERT INTO session_table (user_id, connected_at) VALUES (41, '2023-04-11 19:14:19');
INSERT INTO session_table (user_id, connected_at) VALUES (88, '2023-06-20 19:40:10');
INSERT INTO session_table (user_id, connected_at) VALUES (67, '2023-05-15 23:37:10');
INSERT INTO session_table (user_id, connected_at) VALUES (56, '2023-06-15 01:09:59');
INSERT INTO session_table (user_id, connected_at) VALUES (98, '2023-05-21 09:21:25');
INSERT INTO session_table (user_id, connected_at) VALUES (60, '2023-05-01 23:18:48');
INSERT INTO session_table (user_id, connected_at) VALUES (55, '2023-05-04 20:47:20');
INSERT INTO session_table (user_id, connected_at) VALUES (84, '2023-04-21 00:27:17');
INSERT INTO session_table (user_id, connected_at) VALUES (72, '2023-06-11 00:09:48');
INSERT INTO session_table (user_id, connected_at) VALUES (60, '2023-03-05 17:03:23');
INSERT INTO session_table (user_id, connected_at) VALUES (57, '2023-06-29 15:34:37');
INSERT INTO session_table (user_id, connected_at) VALUES (52, '2023-03-17 05:07:11');
INSERT INTO session_table (user_id, connected_at) VALUES (63, '2023-02-08 16:17:43');
INSERT INTO session_table (user_id, connected_at) VALUES (14, '2023-05-20 03:23:40');
INSERT INTO session_table (user_id, connected_at) VALUES (14, '2023-06-29 04:51:53');
INSERT INTO session_table (user_id, connected_at) VALUES (18, '2023-06-10 02:24:30');
INSERT INTO session_table (user_id, connected_at) VALUES (61, '2023-02-16 22:00:49');
INSERT INTO session_table (user_id, connected_at) VALUES (42, '2023-06-19 19:10:32');
INSERT INTO session_table (user_id, connected_at) VALUES (94, '2023-06-22 14:04:30');
INSERT INTO session_table (user_id, connected_at) VALUES (95, '2023-04-16 21:49:28');
INSERT INTO session_table (user_id, connected_at) VALUES (21, '2023-06-11 08:29:12');
INSERT INTO session_table (user_id, connected_at) VALUES (5, '2023-05-13 02:33:38');
INSERT INTO session_table (user_id, connected_at) VALUES (9, '2023-03-23 03:45:33');
INSERT INTO session_table (user_id, connected_at) VALUES (57, '2023-06-15 13:26:02');
INSERT INTO session_table (user_id, connected_at) VALUES (65, '2023-06-28 13:21:04');
INSERT INTO session_table (user_id, connected_at) VALUES (25, '2023-06-24 15:35:25');
INSERT INTO session_table (user_id, connected_at) VALUES (24, '2023-06-27 14:12:48');
INSERT INTO session_table (user_id, connected_at) VALUES (67, '2023-04-29 20:26:20');
INSERT INTO session_table (user_id, connected_at) VALUES (86, '2023-05-27 22:22:43');
INSERT INTO session_table (user_id, connected_at) VALUES (13, '2023-05-22 09:50:59');
INSERT INTO session_table (user_id, connected_at) VALUES (26, '2023-05-15 14:47:02');
INSERT INTO session_table (user_id, connected_at) VALUES (34, '2023-04-27 14:59:44');
INSERT INTO session_table (user_id, connected_at) VALUES (100, '2023-06-07 00:34:03');
INSERT INTO session_table (user_id, connected_at) VALUES (22, '2023-06-19 23:13:56');
INSERT INTO session_table (user_id, connected_at) VALUES (35, '2023-06-15 10:43:52');
INSERT INTO session_table (user_id, connected_at) VALUES (36, '2023-06-21 07:27:43');
INSERT INTO session_table (user_id, connected_at) VALUES (45, '2023-06-22 21:37:19');
INSERT INTO session_table (user_id, connected_at) VALUES (20, '2023-05-17 20:40:54');
INSERT INTO session_table (user_id, connected_at) VALUES (66, '2023-06-03 17:51:29');
INSERT INTO session_table (user_id, connected_at) VALUES (82, '2023-04-28 21:37:39');
INSERT INTO session_table (user_id, connected_at) VALUES (79, '2023-06-16 02:47:04');
INSERT INTO session_table (user_id, connected_at) VALUES (54, '2023-06-29 06:05:14');
INSERT INTO session_table (user_id, connected_at) VALUES (39, '2023-04-16 16:02:07');
INSERT INTO session_table (user_id, connected_at) VALUES (88, '2023-04-08 18:07:41');
INSERT INTO session_table (user_id, connected_at) VALUES (10, '2023-05-16 07:32:46');
INSERT INTO session_table (user_id, connected_at) VALUES (25, '2023-06-23 12:53:21');
INSERT INTO session_table (user_id, connected_at) VALUES (10, '2023-05-23 04:52:03');
INSERT INTO session_table (user_id, connected_at) VALUES (79, '2023-02-22 21:51:52');
INSERT INTO session_table (user_id, connected_at) VALUES (38, '2023-03-03 14:42:44');
INSERT INTO session_table (user_id, connected_at) VALUES (39, '2023-04-14 05:26:28');
INSERT INTO session_table (user_id, connected_at) VALUES (13, '2023-04-12 19:39:49');
INSERT INTO session_table (user_id, connected_at) VALUES (93, '2023-01-25 20:47:49');
INSERT INTO session_table (user_id, connected_at) VALUES (89, '2023-03-22 21:16:28');
INSERT INTO session_table (user_id, connected_at) VALUES (43, '2023-06-19 07:53:01');
INSERT INTO session_table (user_id, connected_at) VALUES (91, '2023-04-04 06:00:55');
INSERT INTO session_table (user_id, connected_at) VALUES (67, '2023-05-03 05:19:45');
INSERT INTO session_table (user_id, connected_at) VALUES (94, '2023-06-16 16:40:44');
INSERT INTO session_table (user_id, connected_at) VALUES (17, '2023-05-03 02:51:05');
INSERT INTO session_table (user_id, connected_at) VALUES (8, '2023-01-26 03:42:06');
INSERT INTO session_table (user_id, connected_at) VALUES (98, '2023-04-18 18:24:42');
INSERT INTO session_table (user_id, connected_at) VALUES (19, '2023-04-20 12:38:28');
INSERT INTO session_table (user_id, connected_at) VALUES (99, '2023-05-09 08:22:49');
INSERT INTO session_table (user_id, connected_at) VALUES (39, '2023-03-24 07:42:18');
INSERT INTO session_table (user_id, connected_at) VALUES (67, '2023-05-24 09:13:30');
INSERT INTO session_table (user_id, connected_at) VALUES (41, '2023-06-29 04:45:27');
INSERT INTO session_table (user_id, connected_at) VALUES (12, '2023-06-16 21:19:44');
INSERT INTO session_table (user_id, connected_at) VALUES (48, '2023-06-26 11:10:32');
INSERT INTO session_table (user_id, connected_at) VALUES (76, '2023-04-30 07:12:59');
INSERT INTO session_table (user_id, connected_at) VALUES (58, '2023-04-26 20:15:13');
INSERT INTO session_table (user_id, connected_at) VALUES (34, '2023-03-31 15:17:51');
INSERT INTO session_table (user_id, connected_at) VALUES (13, '2023-01-24 00:49:33');
INSERT INTO session_table (user_id, connected_at) VALUES (8, '2023-03-21 03:50:20');
INSERT INTO session_table (user_id, connected_at) VALUES (57, '2023-06-20 00:48:35');
INSERT INTO session_table (user_id, connected_at) VALUES (70, '2023-06-20 17:49:42');
INSERT INTO session_table (user_id, connected_at) VALUES (41, '2023-05-10 16:25:58');
INSERT INTO session_table (user_id, connected_at) VALUES (39, '2023-04-03 02:40:59');
INSERT INTO session_table (user_id, connected_at) VALUES (33, '2023-05-28 16:18:15');
INSERT INTO session_table (user_id, connected_at) VALUES (92, '2023-05-15 06:17:10');
INSERT INTO session_table (user_id, connected_at) VALUES (12, '2023-06-14 17:36:54');
INSERT INTO session_table (user_id, connected_at) VALUES (65, '2023-06-29 06:00:36');
INSERT INTO session_table (user_id, connected_at) VALUES (10, '2023-05-31 21:46:26');
INSERT INTO session_table (user_id, connected_at) VALUES (55, '2023-06-07 09:00:41');
INSERT INTO session_table (user_id, connected_at) VALUES (36, '2023-05-30 12:01:08');
INSERT INTO session_table (user_id, connected_at) VALUES (67, '2023-05-11 08:22:02');
INSERT INTO session_table (user_id, connected_at) VALUES (33, '2023-05-23 13:19:25');
INSERT INTO session_table (user_id, connected_at) VALUES (12, '2023-05-16 10:58:56');
INSERT INTO session_table (user_id, connected_at) VALUES (37, '2023-03-14 18:52:33');
INSERT INTO session_table (user_id, connected_at) VALUES (20, '2023-06-04 16:35:44');
INSERT INTO session_table (user_id, connected_at) VALUES (45, '2023-05-17 07:15:22');
INSERT INTO session_table (user_id, connected_at) VALUES (8, '2023-06-09 04:55:02');
INSERT INTO session_table (user_id, connected_at) VALUES (96, '2023-06-28 06:23:02');
INSERT INTO session_table (user_id, connected_at) VALUES (41, '2023-05-07 09:42:03');
INSERT INTO session_table (user_id, connected_at) VALUES (37, '2023-03-04 01:49:11');
INSERT INTO session_table (user_id, connected_at) VALUES (26, '2023-03-20 12:14:35');
INSERT INTO session_table (user_id, connected_at) VALUES (72, '2023-05-29 10:03:54');
INSERT INTO session_table (user_id, connected_at) VALUES (11, '2023-04-30 09:49:19');
INSERT INTO session_table (user_id, connected_at) VALUES (51, '2023-04-02 18:56:14');
INSERT INTO session_table (user_id, connected_at) VALUES (40, '2023-06-28 00:23:09');
INSERT INTO session_table (user_id, connected_at) VALUES (63, '2023-05-22 09:36:00');
INSERT INTO session_table (user_id, connected_at) VALUES (87, '2023-03-18 01:33:32');
INSERT INTO session_table (user_id, connected_at) VALUES (70, '2023-05-24 08:51:53');
INSERT INTO session_table (user_id, connected_at) VALUES (18, '2023-05-12 05:57:39');
INSERT INTO session_table (user_id, connected_at) VALUES (9, '2023-05-04 07:05:19');
INSERT INTO session_table (user_id, connected_at) VALUES (21, '2023-05-28 22:55:26');
INSERT INTO session_table (user_id, connected_at) VALUES (89, '2023-06-29 09:47:10');
INSERT INTO session_table (user_id, connected_at) VALUES (30, '2023-06-25 18:45:01');
INSERT INTO session_table (user_id, connected_at) VALUES (43, '2023-06-22 09:21:29');
INSERT INTO session_table (user_id, connected_at) VALUES (23, '2023-05-27 05:01:07');
INSERT INTO session_table (user_id, connected_at) VALUES (81, '2023-06-29 03:33:54');
INSERT INTO session_table (user_id, connected_at) VALUES (47, '2023-04-05 15:59:13');
INSERT INTO session_table (user_id, connected_at) VALUES (55, '2023-05-09 00:38:21');
INSERT INTO session_table (user_id, connected_at) VALUES (66, '2023-06-10 11:29:51');
INSERT INTO session_table (user_id, connected_at) VALUES (3, '2023-04-05 13:01:09');
INSERT INTO session_table (user_id, connected_at) VALUES (83, '2023-04-09 03:09:13');
INSERT INTO session_table (user_id, connected_at) VALUES (67, '2023-05-03 01:48:56');
INSERT INTO session_table (user_id, connected_at) VALUES (41, '2023-05-20 00:33:04');
INSERT INTO session_table (user_id, connected_at) VALUES (79, '2023-03-07 19:48:45');
INSERT INTO session_table (user_id, connected_at) VALUES (24, '2023-06-04 03:16:25');
INSERT INTO session_table (user_id, connected_at) VALUES (73, '2023-06-13 14:32:21');
INSERT INTO session_table (user_id, connected_at) VALUES (1, '2023-03-19 11:36:10');
INSERT INTO session_table (user_id, connected_at) VALUES (46, '2023-05-31 23:03:14');
INSERT INTO session_table (user_id, connected_at) VALUES (1, '2023-06-12 02:03:32');
INSERT INTO session_table (user_id, connected_at) VALUES (57, '2023-06-05 23:19:18');
INSERT INTO session_table (user_id, connected_at) VALUES (14, '2023-05-30 16:22:40');
INSERT INTO session_table (user_id, connected_at) VALUES (63, '2023-04-06 21:03:31');
INSERT INTO session_table (user_id, connected_at) VALUES (74, '2023-06-07 11:05:16');
INSERT INTO session_table (user_id, connected_at) VALUES (38, '2023-06-05 21:07:20');
INSERT INTO session_table (user_id, connected_at) VALUES (32, '2023-05-23 16:50:15');
INSERT INTO session_table (user_id, connected_at) VALUES (47, '2023-05-14 07:47:37');
INSERT INTO session_table (user_id, connected_at) VALUES (24, '2023-04-08 02:59:07');
INSERT INTO session_table (user_id, connected_at) VALUES (48, '2023-06-27 03:22:23');
INSERT INTO session_table (user_id, connected_at) VALUES (50, '2023-02-27 11:17:17');
INSERT INTO session_table (user_id, connected_at) VALUES (43, '2023-06-25 03:26:06');
INSERT INTO session_table (user_id, connected_at) VALUES (94, '2023-06-12 17:39:52');
INSERT INTO session_table (user_id, connected_at) VALUES (57, '2023-06-29 08:42:14');
INSERT INTO session_table (user_id, connected_at) VALUES (8, '2023-01-28 21:43:48');
INSERT INTO session_table (user_id, connected_at) VALUES (10, '2023-03-31 09:22:34');
INSERT INTO session_table (user_id, connected_at) VALUES (66, '2023-05-30 17:06:22');
INSERT INTO session_table (user_id, connected_at) VALUES (13, '2023-06-10 00:25:40');
INSERT INTO session_table (user_id, connected_at) VALUES (98, '2023-02-13 15:37:13');
INSERT INTO session_table (user_id, connected_at) VALUES (4, '2023-05-28 17:40:01');
INSERT INTO session_table (user_id, connected_at) VALUES (23, '2023-06-20 03:00:33');
INSERT INTO session_table (user_id, connected_at) VALUES (68, '2023-06-08 06:31:29');
INSERT INTO session_table (user_id, connected_at) VALUES (98, '2023-04-10 14:12:08');
INSERT INTO session_table (user_id, connected_at) VALUES (37, '2023-04-24 15:11:10');
INSERT INTO session_table (user_id, connected_at) VALUES (60, '2023-06-07 05:10:24');
INSERT INTO session_table (user_id, connected_at) VALUES (29, '2023-06-07 18:40:30');
INSERT INTO session_table (user_id, connected_at) VALUES (25, '2023-06-25 00:39:22');
INSERT INTO session_table (user_id, connected_at) VALUES (69, '2023-06-21 20:23:59');
INSERT INTO session_table (user_id, connected_at) VALUES (6, '2023-02-18 03:05:35');
INSERT INTO session_table (user_id, connected_at) VALUES (95, '2023-03-19 20:15:30');
INSERT INTO session_table (user_id, connected_at) VALUES (10, '2023-04-13 02:05:26');
INSERT INTO session_table (user_id, connected_at) VALUES (61, '2023-02-28 11:44:50');
INSERT INTO session_table (user_id, connected_at) VALUES (76, '2023-06-14 17:02:37');
INSERT INTO session_table (user_id, connected_at) VALUES (73, '2023-06-29 12:11:15');
INSERT INTO session_table (user_id, connected_at) VALUES (11, '2023-04-21 13:57:04');
INSERT INTO session_table (user_id, connected_at) VALUES (10, '2023-05-29 00:48:44');
INSERT INTO session_table (user_id, connected_at) VALUES (20, '2023-06-03 02:38:36');
INSERT INTO session_table (user_id, connected_at) VALUES (65, '2023-06-26 21:30:10');
INSERT INTO session_table (user_id, connected_at) VALUES (16, '2023-02-25 22:04:24');
INSERT INTO session_table (user_id, connected_at) VALUES (62, '2023-06-01 01:53:53');
INSERT INTO session_table (user_id, connected_at) VALUES (3, '2023-06-28 02:03:33');
INSERT INTO session_table (user_id, connected_at) VALUES (44, '2023-05-31 09:36:25');
INSERT INTO session_table (user_id, connected_at) VALUES (83, '2023-03-27 12:07:44');
INSERT INTO session_table (user_id, connected_at) VALUES (99, '2023-05-10 20:51:01');
INSERT INTO session_table (user_id, connected_at) VALUES (72, '2023-06-01 20:21:46');
INSERT INTO session_table (user_id, connected_at) VALUES (27, '2023-06-25 07:44:51');
INSERT INTO session_table (user_id, connected_at) VALUES (53, '2023-04-08 10:02:05');
INSERT INTO session_table (user_id, connected_at) VALUES (30, '2023-05-28 21:37:32');
INSERT INTO session_table (user_id, connected_at) VALUES (42, '2023-03-05 05:59:29');
INSERT INTO session_table (user_id, connected_at) VALUES (79, '2023-03-31 05:18:22');
INSERT INTO session_table (user_id, connected_at) VALUES (5, '2023-05-07 10:54:45');
INSERT INTO session_table (user_id, connected_at) VALUES (26, '2023-06-29 03:32:20');
INSERT INTO session_table (user_id, connected_at) VALUES (49, '2023-06-23 02:51:00');
INSERT INTO session_table (user_id, connected_at) VALUES (83, '2023-04-05 16:07:35');
INSERT INTO session_table (user_id, connected_at) VALUES (57, '2023-06-08 02:43:17');
INSERT INTO session_table (user_id, connected_at) VALUES (52, '2023-03-01 12:52:57');
INSERT INTO session_table (user_id, connected_at) VALUES (20, '2023-03-01 02:36:46');
INSERT INTO session_table (user_id, connected_at) VALUES (22, '2023-06-18 01:18:56');
INSERT INTO session_table (user_id, connected_at) VALUES (38, '2023-06-10 21:36:31');
INSERT INTO session_table (user_id, connected_at) VALUES (100, '2023-06-27 10:59:46');
INSERT INTO session_table (user_id, connected_at) VALUES (30, '2023-05-21 21:34:23');
INSERT INTO session_table (user_id, connected_at) VALUES (69, '2023-05-23 19:02:22');
INSERT INTO session_table (user_id, connected_at) VALUES (14, '2023-05-08 23:43:14');
INSERT INTO session_table (user_id, connected_at) VALUES (98, '2023-02-09 17:11:38');
INSERT INTO session_table (user_id, connected_at) VALUES (27, '2023-02-15 14:31:08');
INSERT INTO session_table (user_id, connected_at) VALUES (36, '2023-06-24 14:27:11');
INSERT INTO session_table (user_id, connected_at) VALUES (93, '2023-02-09 11:42:15');
INSERT INTO session_table (user_id, connected_at) VALUES (5, '2023-06-29 15:22:49');
INSERT INTO session_table (user_id, connected_at) VALUES (68, '2023-06-04 02:48:44');
INSERT INTO session_table (user_id, connected_at) VALUES (19, '2023-04-12 23:05:18');
INSERT INTO session_table (user_id, connected_at) VALUES (82, '2023-06-07 13:21:33');
INSERT INTO session_table (user_id, connected_at) VALUES (82, '2023-06-24 07:23:34');
INSERT INTO session_table (user_id, connected_at) VALUES (30, '2023-05-08 02:17:35');
INSERT INTO session_table (user_id, connected_at) VALUES (22, '2023-06-09 21:18:44');
INSERT INTO session_table (user_id, connected_at) VALUES (91, '2023-05-17 17:43:46');
INSERT INTO session_table (user_id, connected_at) VALUES (2, '2023-06-07 12:05:19');
INSERT INTO session_table (user_id, connected_at) VALUES (33, '2023-04-22 16:28:58');
INSERT INTO session_table (user_id, connected_at) VALUES (66, '2023-06-01 06:52:56');
INSERT INTO session_table (user_id, connected_at) VALUES (20, '2023-03-29 22:08:59');
INSERT INTO session_table (user_id, connected_at) VALUES (99, '2023-05-31 22:01:12');
INSERT INTO session_table (user_id, connected_at) VALUES (21, '2023-06-22 06:43:42');
INSERT INTO session_table (user_id, connected_at) VALUES (57, '2023-06-05 07:57:19');
INSERT INTO session_table (user_id, connected_at) VALUES (44, '2023-06-01 13:25:19');
INSERT INTO session_table (user_id, connected_at) VALUES (69, '2023-06-18 06:01:58');
INSERT INTO session_table (user_id, connected_at) VALUES (55, '2023-05-28 16:34:34');
INSERT INTO session_table (user_id, connected_at) VALUES (55, '2023-04-18 06:29:04');
INSERT INTO session_table (user_id, connected_at) VALUES (81, '2023-06-29 03:22:12');
INSERT INTO session_table (user_id, connected_at) VALUES (52, '2023-03-16 01:13:46');
INSERT INTO session_table (user_id, connected_at) VALUES (34, '2023-06-19 08:26:59');
INSERT INTO session_table (user_id, connected_at) VALUES (33, '2023-06-29 21:31:43');
INSERT INTO session_table (user_id, connected_at) VALUES (22, '2023-06-10 14:12:00');
INSERT INTO session_table (user_id, connected_at) VALUES (61, '2023-04-15 06:58:15');
INSERT INTO session_table (user_id, connected_at) VALUES (75, '2023-04-29 04:31:33');
INSERT INTO session_table (user_id, connected_at) VALUES (69, '2023-06-21 23:27:05');
INSERT INTO session_table (user_id, connected_at) VALUES (34, '2023-06-10 06:40:42');
INSERT INTO session_table (user_id, connected_at) VALUES (67, '2023-05-24 12:08:52');
INSERT INTO session_table (user_id, connected_at) VALUES (38, '2023-04-07 22:03:04');
INSERT INTO session_table (user_id, connected_at) VALUES (11, '2023-05-29 19:07:12');
INSERT INTO session_table (user_id, connected_at) VALUES (66, '2023-06-27 10:32:53');
INSERT INTO session_table (user_id, connected_at) VALUES (19, '2023-04-12 15:46:30');
INSERT INTO session_table (user_id, connected_at) VALUES (98, '2023-06-02 19:01:47');
INSERT INTO session_table (user_id, connected_at) VALUES (17, '2023-03-26 11:51:17');
INSERT INTO session_table (user_id, connected_at) VALUES (22, '2023-06-12 00:34:03');
INSERT INTO session_table (user_id, connected_at) VALUES (2, '2023-06-15 09:59:14');
INSERT INTO session_table (user_id, connected_at) VALUES (70, '2023-06-11 10:19:25');
INSERT INTO session_table (user_id, connected_at) VALUES (56, '2023-06-13 23:51:54');
INSERT INTO session_table (user_id, connected_at) VALUES (8, '2023-06-28 08:22:26');
INSERT INTO session_table (user_id, connected_at) VALUES (73, '2023-06-29 23:14:21');
INSERT INTO session_table (user_id, connected_at) VALUES (44, '2023-04-15 04:16:15');
INSERT INTO session_table (user_id, connected_at) VALUES (37, '2023-04-09 12:17:57');
INSERT INTO session_table (user_id, connected_at) VALUES (100, '2023-05-02 07:37:02');
INSERT INTO session_table (user_id, connected_at) VALUES (65, '2023-06-29 17:22:19');
INSERT INTO session_table (user_id, connected_at) VALUES (12, '2023-06-17 22:00:50');
INSERT INTO session_table (user_id, connected_at) VALUES (65, '2023-06-27 23:42:47');
INSERT INTO session_table (user_id, connected_at) VALUES (25, '2023-06-22 06:43:53');
INSERT INTO session_table (user_id, connected_at) VALUES (3, '2023-05-10 16:57:46');
INSERT INTO session_table (user_id, connected_at) VALUES (3, '2023-05-27 22:07:58');
INSERT INTO session_table (user_id, connected_at) VALUES (61, '2023-02-08 00:24:24');
INSERT INTO session_table (user_id, connected_at) VALUES (71, '2023-04-23 11:38:00');
INSERT INTO session_table (user_id, connected_at) VALUES (36, '2023-06-29 04:38:55');
INSERT INTO session_table (user_id, connected_at) VALUES (38, '2023-06-01 09:07:15');
INSERT INTO session_table (user_id, connected_at) VALUES (77, '2023-06-08 20:30:43');
INSERT INTO session_table (user_id, connected_at) VALUES (96, '2023-06-27 03:30:00');
INSERT INTO session_table (user_id, connected_at) VALUES (45, '2023-06-28 15:35:43');
INSERT INTO session_table (user_id, connected_at) VALUES (70, '2023-06-26 00:13:35');
INSERT INTO session_table (user_id, connected_at) VALUES (48, '2023-06-29 11:21:59');
INSERT INTO session_table (user_id, connected_at) VALUES (2, '2023-06-27 20:52:40');
INSERT INTO session_table (user_id, connected_at) VALUES (98, '2023-06-24 05:02:30');
INSERT INTO session_table (user_id, connected_at) VALUES (14, '2023-05-30 21:24:22');
INSERT INTO session_table (user_id, connected_at) VALUES (89, '2023-06-29 23:03:49');
INSERT INTO session_table (user_id, connected_at) VALUES (90, '2023-03-03 04:45:59');
INSERT INTO session_table (user_id, connected_at) VALUES (87, '2023-06-25 23:09:42');
INSERT INTO session_table (user_id, connected_at) VALUES (78, '2023-06-05 11:09:21');
INSERT INTO session_table (user_id, connected_at) VALUES (26, '2023-04-14 17:48:06');
INSERT INTO session_table (user_id, connected_at) VALUES (12, '2023-06-01 13:07:23');
INSERT INTO session_table (user_id, connected_at) VALUES (41, '2023-04-12 01:58:35');
INSERT INTO session_table (user_id, connected_at) VALUES (8, '2023-05-21 08:48:55');
INSERT INTO session_table (user_id, connected_at) VALUES (71, '2023-06-21 07:41:55');
INSERT INTO session_table (user_id, connected_at) VALUES (76, '2023-06-20 21:35:38');
INSERT INTO session_table (user_id, connected_at) VALUES (38, '2023-03-09 14:25:59');
INSERT INTO session_table (user_id, connected_at) VALUES (92, '2023-06-02 01:32:15');
INSERT INTO session_table (user_id, connected_at) VALUES (98, '2023-02-22 13:57:17');
INSERT INTO session_table (user_id, connected_at) VALUES (75, '2023-05-14 15:13:45');
INSERT INTO session_table (user_id, connected_at) VALUES (41, '2023-05-18 18:25:46');
INSERT INTO session_table (user_id, connected_at) VALUES (1, '2023-03-10 14:49:18');
INSERT INTO session_table (user_id, connected_at) VALUES (40, '2023-05-14 06:01:44');
INSERT INTO session_table (user_id, connected_at) VALUES (83, '2023-05-01 20:30:59');
INSERT INTO session_table (user_id, connected_at) VALUES (27, '2023-03-01 19:39:01');
INSERT INTO session_table (user_id, connected_at) VALUES (47, '2023-06-24 21:43:04');
INSERT INTO session_table (user_id, connected_at) VALUES (95, '2023-05-30 02:06:43');
INSERT INTO session_table (user_id, connected_at) VALUES (100, '2023-05-16 06:33:05');
INSERT INTO session_table (user_id, connected_at) VALUES (27, '2023-03-25 10:56:15');
INSERT INTO session_table (user_id, connected_at) VALUES (88, '2023-05-09 08:10:03');
INSERT INTO session_table (user_id, connected_at) VALUES (73, '2023-06-23 05:45:46');
INSERT INTO session_table (user_id, connected_at) VALUES (79, '2023-05-19 11:55:16');
INSERT INTO session_table (user_id, connected_at) VALUES (2, '2023-06-14 16:34:43');
INSERT INTO session_table (user_id, connected_at) VALUES (74, '2023-06-06 18:53:45');
INSERT INTO session_table (user_id, connected_at) VALUES (72, '2023-06-13 21:02:15');
INSERT INTO session_table (user_id, connected_at) VALUES (11, '2023-04-20 05:58:32');
INSERT INTO session_table (user_id, connected_at) VALUES (12, '2023-05-17 10:16:54');
INSERT INTO session_table (user_id, connected_at) VALUES (67, '2023-05-31 22:03:14');
INSERT INTO session_table (user_id, connected_at) VALUES (27, '2023-03-27 03:15:50');
INSERT INTO session_table (user_id, connected_at) VALUES (19, '2023-05-06 05:43:07');
INSERT INTO session_table (user_id, connected_at) VALUES (30, '2023-06-12 22:26:02');
INSERT INTO session_table (user_id, connected_at) VALUES (35, '2023-06-28 08:27:48');
INSERT INTO session_table (user_id, connected_at) VALUES (31, '2023-03-30 14:44:18');
INSERT INTO session_table (user_id, connected_at) VALUES (10, '2023-04-28 21:47:36');
INSERT INTO session_table (user_id, connected_at) VALUES (81, '2023-06-27 23:57:25');
INSERT INTO session_table (user_id, connected_at) VALUES (23, '2023-05-31 01:41:18');
INSERT INTO session_table (user_id, connected_at) VALUES (20, '2023-01-05 06:18:57');
INSERT INTO session_table (user_id, connected_at) VALUES (28, '2023-04-18 11:47:27');
INSERT INTO session_table (user_id, connected_at) VALUES (88, '2023-05-25 00:04:40');
INSERT INTO session_table (user_id, connected_at) VALUES (88, '2023-06-11 13:38:44');
INSERT INTO session_table (user_id, connected_at) VALUES (74, '2023-06-11 12:48:08');
INSERT INTO session_table (user_id, connected_at) VALUES (23, '2023-05-27 00:59:30');
INSERT INTO session_table (user_id, connected_at) VALUES (96, '2023-06-28 11:15:22');
INSERT INTO session_table (user_id, connected_at) VALUES (28, '2023-02-28 20:47:40');
INSERT INTO session_table (user_id, connected_at) VALUES (22, '2023-06-28 07:17:57');
INSERT INTO session_table (user_id, connected_at) VALUES (93, '2023-02-08 07:16:27');
INSERT INTO session_table (user_id, connected_at) VALUES (39, '2023-06-20 06:12:35');
INSERT INTO session_table (user_id, connected_at) VALUES (91, '2023-04-17 09:32:55');
INSERT INTO session_table (user_id, connected_at) VALUES (63, '2023-03-20 18:06:46');
INSERT INTO session_table (user_id, connected_at) VALUES (6, '2023-02-17 01:28:17');
INSERT INTO session_table (user_id, connected_at) VALUES (36, '2023-05-27 06:48:57');
INSERT INTO session_table (user_id, connected_at) VALUES (91, '2023-05-22 20:36:10');
INSERT INTO session_table (user_id, connected_at) VALUES (75, '2023-06-05 06:58:55');
INSERT INTO session_table (user_id, connected_at) VALUES (51, '2023-05-20 14:51:56');
INSERT INTO session_table (user_id, connected_at) VALUES (18, '2023-06-12 22:13:56');
INSERT INTO session_table (user_id, connected_at) VALUES (44, '2023-04-22 19:45:00');
INSERT INTO session_table (user_id, connected_at) VALUES (7, '2023-06-08 20:56:36');
INSERT INTO session_table (user_id, connected_at) VALUES (36, '2023-06-01 03:49:19');
INSERT INTO session_table (user_id, connected_at) VALUES (97, '2023-06-26 09:39:38');
INSERT INTO session_table (user_id, connected_at) VALUES (49, '2023-06-01 15:21:32');
INSERT INTO session_table (user_id, connected_at) VALUES (16, '2023-05-26 16:30:10');
INSERT INTO session_table (user_id, connected_at) VALUES (89, '2023-04-18 00:42:04');
INSERT INTO session_table (user_id, connected_at) VALUES (21, '2023-06-08 03:39:37');
INSERT INTO session_table (user_id, connected_at) VALUES (9, '2023-06-16 14:30:16');
INSERT INTO session_table (user_id, connected_at) VALUES (28, '2023-05-22 17:22:24');
INSERT INTO session_table (user_id, connected_at) VALUES (9, '2023-01-23 17:02:46');
INSERT INTO session_table (user_id, connected_at) VALUES (28, '2023-02-27 20:52:39');
INSERT INTO session_table (user_id, connected_at) VALUES (18, '2023-05-03 20:24:33');
INSERT INTO session_table (user_id, connected_at) VALUES (68, '2023-06-23 22:02:49');
INSERT INTO session_table (user_id, connected_at) VALUES (92, '2023-06-29 09:36:43');
INSERT INTO session_table (user_id, connected_at) VALUES (42, '2023-05-13 12:41:14');
INSERT INTO session_table (user_id, connected_at) VALUES (21, '2023-06-22 22:13:25');
INSERT INTO session_table (user_id, connected_at) VALUES (17, '2023-03-23 02:15:15');
INSERT INTO session_table (user_id, connected_at) VALUES (97, '2023-06-23 16:42:49');
INSERT INTO session_table (user_id, connected_at) VALUES (41, '2023-04-26 23:07:53');
INSERT INTO session_table (user_id, connected_at) VALUES (94, '2023-06-22 22:24:59');
INSERT INTO session_table (user_id, connected_at) VALUES (75, '2023-05-01 17:20:28');
INSERT INTO session_table (user_id, connected_at) VALUES (57, '2023-06-26 00:07:25');
INSERT INTO session_table (user_id, connected_at) VALUES (48, '2023-06-24 15:09:49');
INSERT INTO session_table (user_id, connected_at) VALUES (84, '2023-05-11 00:56:54');
INSERT INTO session_table (user_id, connected_at) VALUES (64, '2023-06-12 05:43:30');
INSERT INTO session_table (user_id, connected_at) VALUES (74, '2023-06-09 14:52:03');
INSERT INTO session_table (user_id, connected_at) VALUES (40, '2023-05-27 18:48:58');
INSERT INTO session_table (user_id, connected_at) VALUES (65, '2023-06-28 07:35:56');
INSERT INTO session_table (user_id, connected_at) VALUES (77, '2023-06-19 02:57:13');
INSERT INTO session_table (user_id, connected_at) VALUES (42, '2023-02-22 20:48:16');
INSERT INTO session_table (user_id, connected_at) VALUES (20, '2023-02-02 18:20:36');
INSERT INTO session_table (user_id, connected_at) VALUES (55, '2023-05-19 08:52:24');
INSERT INTO session_table (user_id, connected_at) VALUES (25, '2023-06-21 17:17:19');
INSERT INTO session_table (user_id, connected_at) VALUES (77, '2023-06-01 21:33:54');
INSERT INTO session_table (user_id, connected_at) VALUES (96, '2023-06-28 00:26:53');
INSERT INTO session_table (user_id, connected_at) VALUES (60, '2023-03-01 21:27:03');
INSERT INTO session_table (user_id, connected_at) VALUES (14, '2023-06-06 18:43:53');
INSERT INTO session_table (user_id, connected_at) VALUES (89, '2023-06-15 17:39:49');
INSERT INTO session_table (user_id, connected_at) VALUES (15, '2023-03-15 18:40:34');
INSERT INTO session_table (user_id, connected_at) VALUES (54, '2023-06-29 12:23:13');
INSERT INTO session_table (user_id, connected_at) VALUES (31, '2023-04-30 05:57:59');
INSERT INTO session_table (user_id, connected_at) VALUES (14, '2023-05-22 18:10:55');
INSERT INTO session_table (user_id, connected_at) VALUES (41, '2023-04-15 09:26:01');
INSERT INTO session_table (user_id, connected_at) VALUES (100, '2023-05-05 03:43:36');
INSERT INTO session_table (user_id, connected_at) VALUES (1, '2023-03-14 13:04:37');
INSERT INTO session_table (user_id, connected_at) VALUES (17, '2023-05-08 12:20:22');
INSERT INTO session_table (user_id, connected_at) VALUES (91, '2023-05-03 00:10:38');
INSERT INTO session_table (user_id, connected_at) VALUES (58, '2023-05-26 18:40:19');
INSERT INTO session_table (user_id, connected_at) VALUES (44, '2023-05-05 00:52:26');
INSERT INTO session_table (user_id, connected_at) VALUES (5, '2023-06-10 00:35:38');
INSERT INTO session_table (user_id, connected_at) VALUES (49, '2023-05-24 02:13:54');
INSERT INTO session_table (user_id, connected_at) VALUES (24, '2023-03-28 23:37:07');
INSERT INTO session_table (user_id, connected_at) VALUES (30, '2023-04-24 10:22:11');
INSERT INTO session_table (user_id, connected_at) VALUES (73, '2023-06-15 03:39:51');
INSERT INTO session_table (user_id, connected_at) VALUES (34, '2023-05-17 18:02:41');
INSERT INTO session_table (user_id, connected_at) VALUES (27, '2023-06-27 09:05:45');
INSERT INTO session_table (user_id, connected_at) VALUES (36, '2023-06-09 11:27:08');
INSERT INTO session_table (user_id, connected_at) VALUES (91, '2023-05-22 12:44:39');
INSERT INTO session_table (user_id, connected_at) VALUES (28, '2023-04-30 13:57:58');
INSERT INTO session_table (user_id, connected_at) VALUES (79, '2023-04-21 15:20:12');
INSERT INTO session_table (user_id, connected_at) VALUES (29, '2023-06-27 07:47:51');
INSERT INTO session_table (user_id, connected_at) VALUES (73, '2023-06-10 09:01:41');
INSERT INTO session_table (user_id, connected_at) VALUES (9, '2023-03-23 10:37:40');
INSERT INTO session_table (user_id, connected_at) VALUES (44, '2023-02-20 22:08:55');
INSERT INTO session_table (user_id, connected_at) VALUES (48, '2023-06-27 17:14:22');
INSERT INTO session_table (user_id, connected_at) VALUES (92, '2023-04-08 11:10:10');
INSERT INTO session_table (user_id, connected_at) VALUES (61, '2023-06-10 02:21:24');
INSERT INTO session_table (user_id, connected_at) VALUES (58, '2023-06-29 19:24:31');
INSERT INTO session_table (user_id, connected_at) VALUES (64, '2023-06-26 20:10:04');
INSERT INTO session_table (user_id, connected_at) VALUES (30, '2023-04-16 09:48:05');
INSERT INTO session_table (user_id, connected_at) VALUES (80, '2023-02-13 08:04:10');
INSERT INTO session_table (user_id, connected_at) VALUES (26, '2023-04-11 05:19:10');
INSERT INTO session_table (user_id, connected_at) VALUES (31, '2023-05-05 16:45:55');
INSERT INTO session_table (user_id, connected_at) VALUES (72, '2023-06-29 15:55:47');
INSERT INTO session_table (user_id, connected_at) VALUES (96, '2023-06-26 11:28:44');
INSERT INTO session_table (user_id, connected_at) VALUES (18, '2023-04-26 23:34:44');
INSERT INTO session_table (user_id, connected_at) VALUES (36, '2023-05-26 20:10:54');
INSERT INTO session_table (user_id, connected_at) VALUES (49, '2023-06-08 12:12:00');
INSERT INTO session_table (user_id, connected_at) VALUES (11, '2023-05-22 23:20:10');
INSERT INTO session_table (user_id, connected_at) VALUES (82, '2023-04-01 07:06:48');
INSERT INTO session_table (user_id, connected_at) VALUES (36, '2023-06-27 03:07:09');
INSERT INTO session_table (user_id, connected_at) VALUES (85, '2023-05-22 15:59:29');
INSERT INTO session_table (user_id, connected_at) VALUES (53, '2023-05-22 02:00:55');
INSERT INTO session_table (user_id, connected_at) VALUES (18, '2023-05-28 14:01:53');
INSERT INTO session_table (user_id, connected_at) VALUES (29, '2023-06-18 07:20:07');
INSERT INTO session_table (user_id, connected_at) VALUES (64, '2023-06-29 12:14:24');
INSERT INTO session_table (user_id, connected_at) VALUES (27, '2023-04-23 10:49:38');
INSERT INTO session_table (user_id, connected_at) VALUES (88, '2023-03-20 19:33:39');
INSERT INTO session_table (user_id, connected_at) VALUES (82, '2023-06-03 17:18:38');
INSERT INTO session_table (user_id, connected_at) VALUES (72, '2023-06-16 10:14:40');
INSERT INTO session_table (user_id, connected_at) VALUES (57, '2023-06-07 02:37:16');
INSERT INTO session_table (user_id, connected_at) VALUES (93, '2023-04-03 10:32:27');
INSERT INTO session_table (user_id, connected_at) VALUES (91, '2023-05-26 02:11:18');
INSERT INTO session_table (user_id, connected_at) VALUES (42, '2023-04-16 12:57:24');
INSERT INTO session_table (user_id, connected_at) VALUES (20, '2023-03-13 03:01:18');
INSERT INTO session_table (user_id, connected_at) VALUES (95, '2023-06-24 05:30:24');
INSERT INTO session_table (user_id, connected_at) VALUES (44, '2023-03-17 18:02:01');
INSERT INTO session_table (user_id, connected_at) VALUES (24, '2023-06-09 17:26:34');
INSERT INTO session_table (user_id, connected_at) VALUES (1, '2023-06-03 19:52:36');
INSERT INTO session_table (user_id, connected_at) VALUES (69, '2023-06-20 05:12:51');
INSERT INTO session_table (user_id, connected_at) VALUES (49, '2023-06-06 00:06:37');
INSERT INTO session_table (user_id, connected_at) VALUES (97, '2023-06-23 13:34:52');
INSERT INTO session_table (user_id, connected_at) VALUES (55, '2023-06-29 03:58:45');
INSERT INTO session_table (user_id, connected_at) VALUES (3, '2023-04-20 23:02:22');
INSERT INTO session_table (user_id, connected_at) VALUES (94, '2023-06-17 03:51:28');
INSERT INTO session_table (user_id, connected_at) VALUES (42, '2023-03-05 23:19:17');
INSERT INTO session_table (user_id, connected_at) VALUES (35, '2023-04-04 11:44:28');
INSERT INTO session_table (user_id, connected_at) VALUES (28, '2023-02-14 07:38:43');
INSERT INTO session_table (user_id, connected_at) VALUES (10, '2023-05-08 20:30:27');
INSERT INTO session_table (user_id, connected_at) VALUES (75, '2023-04-16 17:07:55');
INSERT INTO session_table (user_id, connected_at) VALUES (68, '2023-06-25 20:01:00');
INSERT INTO session_table (user_id, connected_at) VALUES (56, '2023-06-12 11:37:07');
INSERT INTO session_table (user_id, connected_at) VALUES (90, '2023-01-29 13:17:02');
INSERT INTO session_table (user_id, connected_at) VALUES (10, '2023-05-22 03:53:01');
INSERT INTO session_table (user_id, connected_at) VALUES (59, '2023-06-27 12:15:19');
INSERT INTO session_table (user_id, connected_at) VALUES (45, '2023-05-12 23:08:31');
INSERT INTO session_table (user_id, connected_at) VALUES (19, '2023-04-13 02:57:46');
INSERT INTO session_table (user_id, connected_at) VALUES (38, '2023-03-21 15:09:48');
INSERT INTO session_table (user_id, connected_at) VALUES (62, '2023-05-24 15:56:47');
INSERT INTO session_table (user_id, connected_at) VALUES (89, '2023-04-09 14:14:06');
INSERT INTO session_table (user_id, connected_at) VALUES (52, '2023-02-04 16:50:21');
INSERT INTO session_table (user_id, connected_at) VALUES (90, '2023-06-05 01:22:54');
INSERT INTO session_table (user_id, connected_at) VALUES (85, '2023-06-01 15:28:46');
INSERT INTO session_table (user_id, connected_at) VALUES (34, '2023-03-31 06:43:27');
INSERT INTO session_table (user_id, connected_at) VALUES (17, '2023-04-19 21:40:40');
INSERT INTO session_table (user_id, connected_at) VALUES (9, '2023-05-09 14:40:41');
INSERT INTO session_table (user_id, connected_at) VALUES (7, '2023-02-12 07:57:36');
INSERT INTO session_table (user_id, connected_at) VALUES (69, '2023-06-06 19:40:29');
INSERT INTO session_table (user_id, connected_at) VALUES (21, '2023-06-14 13:49:17');
INSERT INTO session_table (user_id, connected_at) VALUES (59, '2023-06-29 03:32:11');
INSERT INTO session_table (user_id, connected_at) VALUES (29, '2023-06-12 23:27:29');
INSERT INTO session_table (user_id, connected_at) VALUES (28, '2023-05-21 17:43:32');
INSERT INTO session_table (user_id, connected_at) VALUES (69, '2023-06-22 00:17:39');
INSERT INTO session_table (user_id, connected_at) VALUES (13, '2023-02-07 02:08:34');
INSERT INTO session_table (user_id, connected_at) VALUES (77, '2023-05-21 16:19:38');
INSERT INTO session_table (user_id, connected_at) VALUES (32, '2023-05-07 15:47:03');
INSERT INTO session_table (user_id, connected_at) VALUES (10, '2023-06-29 07:29:37');
INSERT INTO session_table (user_id, connected_at) VALUES (24, '2023-06-23 00:23:20');
INSERT INTO session_table (user_id, connected_at) VALUES (66, '2023-06-17 21:19:59');
INSERT INTO session_table (user_id, connected_at) VALUES (95, '2023-04-02 18:36:51');
INSERT INTO session_table (user_id, connected_at) VALUES (55, '2023-03-24 08:28:56');
INSERT INTO session_table (user_id, connected_at) VALUES (78, '2023-05-03 10:42:43');
INSERT INTO session_table (user_id, connected_at) VALUES (70, '2023-06-20 09:31:57');
INSERT INTO session_table (user_id, connected_at) VALUES (41, '2023-05-14 13:37:35');
INSERT INTO session_table (user_id, connected_at) VALUES (41, '2023-04-23 16:49:36');
INSERT INTO session_table (user_id, connected_at) VALUES (41, '2023-04-12 13:28:15');
INSERT INTO session_table (user_id, connected_at) VALUES (20, '2023-04-18 20:06:17');
INSERT INTO session_table (user_id, connected_at) VALUES (43, '2023-06-15 21:08:08');
INSERT INTO session_table (user_id, connected_at) VALUES (71, '2023-04-14 19:29:07');
INSERT INTO session_table (user_id, connected_at) VALUES (84, '2023-04-24 23:03:04');
INSERT INTO session_table (user_id, connected_at) VALUES (34, '2023-05-18 20:12:20');
INSERT INTO session_table (user_id, connected_at) VALUES (14, '2023-05-19 00:03:55');
INSERT INTO session_table (user_id, connected_at) VALUES (94, '2023-06-18 16:43:16');
INSERT INTO session_table (user_id, connected_at) VALUES (42, '2023-05-13 08:47:27');
INSERT INTO session_table (user_id, connected_at) VALUES (77, '2023-06-28 12:47:39');
INSERT INTO session_table (user_id, connected_at) VALUES (91, '2023-06-26 08:36:03');
INSERT INTO session_table (user_id, connected_at) VALUES (98, '2023-04-04 02:23:02');
INSERT INTO session_table (user_id, connected_at) VALUES (28, '2023-05-05 08:51:52');
INSERT INTO session_table (user_id, connected_at) VALUES (81, '2023-06-29 04:58:10');
INSERT INTO session_table (user_id, connected_at) VALUES (2, '2023-05-16 06:32:58');
INSERT INTO session_table (user_id, connected_at) VALUES (62, '2023-05-21 14:31:48');
INSERT INTO session_table (user_id, connected_at) VALUES (35, '2023-05-28 19:38:17');
INSERT INTO session_table (user_id, connected_at) VALUES (30, '2023-05-01 22:01:21');
INSERT INTO session_table (user_id, connected_at) VALUES (21, '2023-06-01 05:40:31');
INSERT INTO session_table (user_id, connected_at) VALUES (11, '2023-06-12 16:30:45');
INSERT INTO session_table (user_id, connected_at) VALUES (7, '2023-04-11 21:54:18');
INSERT INTO session_table (user_id, connected_at) VALUES (51, '2023-06-10 14:04:01');
INSERT INTO session_table (user_id, connected_at) VALUES (77, '2023-06-15 02:35:31');
INSERT INTO session_table (user_id, connected_at) VALUES (26, '2023-06-05 06:46:03');
